dataset,transform,model,repeat,Accuracy,CV,Accuracy_sensitive_0,Accuracy_sensitive_0-sensitive_1,Accuracy_sensitive_0/sensitive_1,Accuracy_sensitive_1,TPR_sensitive_0,TPR_sensitive_0-sensitive_1,TPR_sensitive_0/sensitive_1,TPR_sensitive_1,prob_pos_sensitive_0,prob_pos_sensitive_0-sensitive_1,prob_pos_sensitive_0/sensitive_1,prob_pos_sensitive_1
Adult,no_transform,SVM,9,0.8518,0.8267289493930743,0.9270535349407437,0.1116963214042308,1.136990658265917,0.8153572135365129,0.46869409660107336,0.11967351265342535,0.7966007802416932,0.5883676092544987,0.06579485083776053,0.17327105060692577,0.27521637523444037,0.2390659014446863
Adult,no_transform,Logistic Regression,9,0.8478666666666667,0.8210322845916651,0.9262362076011442,0.11632130556275122,1.1436216388536546,0.809914902038393,0.4847942754919499,0.11128541602475955,0.8133044664856864,0.5960796915167095,0.07029015120555783,0.1789677154083349,0.2819977245269422,0.24925786661389274
Adult,no_transform,Kamishima,9,0.8472,0.8180791173835238,0.9203105843890478,0.10851561110584973,1.1336736672154701,0.811794973283198,0.4472271914132379,0.15238720447365156,0.7458579955401909,0.5996143958868895,0.06763383735185942,0.1819208826164762,0.27101806513794263,0.24955471996833564
Adult,no_transform,Agarwal LR,9,0.8478666666666667,0.8210322845916651,0.9262362076011442,0.11632130556275122,1.1436216388536546,0.809914902038393,0.4847942754919499,0.11128541602475955,0.8133044664856864,0.5960796915167095,0.07029015120555783,0.1789677154083349,0.2819977245269422,0.24925786661389274
Adult,no_transform,Agarwal SVM,9,0.8496666666666667,0.824505925784963,0.9239885574172456,0.1103135128892424,1.1355744085198447,0.8136750445280032,0.49016100178890876,0.11202408818538434,0.8139706710603436,0.6021850899742931,0.07376379239885573,0.175494074215037,0.29593365858786663,0.24925786661389274
Adult,no_transform,Kamiran & Calders LR,9,0.8422666666666667,0.9146385057256992,0.9176542705353494,0.1118953154591571,1.1388694655569498,0.8057589550761923,0.667262969588551,0.1483041006939495,1.2857723599749664,0.5189588688946015,0.12055578259092767,0.0853614942743009,0.5854573468831884,0.20591727686522857
Adult,no_transform,Kamiran & Calders SVM,9,0.8424,0.9187662271544028,0.9145892930118512,0.10714816892714907,1.1327009062717854,0.8074411240847021,0.6636851520572451,0.14504761992356896,1.2796705038427179,0.5186375321336761,0.12280343277482632,0.0812337728455972,0.6018678426878733,0.20403720562042352
