dataset,transform,model,repeat,Accuracy,CV,Accuracy_sensitive_0,Accuracy_sensitive_0-sensitive_1,Accuracy_sensitive_0/sensitive_1,Accuracy_sensitive_1,TPR_sensitive_0,TPR_sensitive_0-sensitive_1,TPR_sensitive_0/sensitive_1,TPR_sensitive_1,prob_pos_sensitive_0,prob_pos_sensitive_0-sensitive_1,prob_pos_sensitive_0/sensitive_1,prob_pos_sensitive_1
Adult,no_transform,SVM,3,0.8476666666666667,0.8283377044771124,0.9245589129993916,0.1145479883792705,1.141415362308837,0.8100109246201211,0.4982517482517482,0.09346042649929576,0.8420508644450012,0.591712174751044,0.07503548975866964,0.17166229552288761,0.30415955973431746,0.24669778528155725
Adult,no_transform,Logistic Regression,3,0.8481333333333333,0.8205251942493167,0.9241533157574529,0.1132485585819637,1.1396570405831956,0.8109047571754892,0.5034965034965035,0.10491981516716498,0.8275525952400292,0.6084163186636685,0.07665787872642466,0.1794748057506833,0.299289717292117,0.25613268447710796
Adult,no_transform,Kamishima,3,0.8438666666666667,0.8193618564454443,0.918272155749341,0.11084341406694942,1.1372795001525355,0.8074287416823915,0.4632867132867133,0.1358138328102993,0.7733037739740152,0.5991005460970126,0.07321030216994524,0.1806381435545557,0.288401616803278,0.25384844572450094
Adult,no_transform,Agarwal LR,3,0.8481333333333333,0.8205251942493167,0.9241533157574529,0.1132485585819637,1.1396570405831956,0.8109047571754892,0.5034965034965035,0.10491981516716498,0.8275525952400292,0.6084163186636685,0.07665787872642466,0.1794748057506833,0.299289717292117,0.25613268447710796
Adult,no_transform,Agarwal SVM,3,0.8476666666666667,0.8283377044771124,0.9245589129993916,0.1145479883792705,1.141415362308837,0.8100109246201211,0.4982517482517482,0.09346042649929576,0.8420508644450012,0.591712174751044,0.07503548975866964,0.17166229552288761,0.30415955973431746,0.24669778528155725
Adult,no_transform,Kamiran & Calders LR,3,0.8412666666666667,0.9113271539337404,0.9146217805718921,0.10927864818535926,1.135692034600861,0.8053431323865329,0.6765734265734266,0.1436469890533495,1.2695437473918487,0.5329264375200771,0.12634354086392213,0.08867284606625961,0.5875995902812157,0.21501638693018174
Adult,no_transform,Kamiran & Calders SVM,3,0.8476666666666667,0.8283377044771124,0.9245589129993916,0.1145479883792705,1.141415362308837,0.8100109246201211,0.4982517482517482,0.09346042649929576,0.8420508644450012,0.591712174751044,0.07503548975866964,0.17166229552288761,0.30415955973431746,0.24669778528155725
