dataset,transform,model,repeat,Accuracy,CV,Accuracy_sensitive_0,Accuracy_sensitive_0-sensitive_1,Accuracy_sensitive_0/sensitive_1,Accuracy_sensitive_1,TPR_sensitive_0,TPR_sensitive_0-sensitive_1,TPR_sensitive_0/sensitive_1,TPR_sensitive_1,prob_pos_sensitive_0,prob_pos_sensitive_0-sensitive_1,prob_pos_sensitive_0/sensitive_1,prob_pos_sensitive_1
Adult,tilde,SVM,8,0.8438666666666667,0.8448581819932557,0.9146881287726358,0.10591444980952514,1.13095684561015,0.8087736789631107,0.5652173913043478,0.03961864711897123,0.9344968808038476,0.604836038423319,0.09919517102615694,0.15514181800674437,0.3900147257516088,0.2543369890329013
Adult,tilde,Logistic Regression,8,0.8452,0.8318609563663135,0.9154929577464789,0.10512406442643896,1.1297237163136298,0.8103688933200399,0.5500945179584121,0.07229700241257164,0.8838399945271135,0.6223915203709838,0.09517102615694165,0.16813904363368645,0.3614408907058405,0.2633100697906281
Adult,tilde,Kamishima,8,0.8472666666666666,0.8296151786090421,0.9189134808853119,0.10714877500295894,1.1319948677572682,0.8117647058823529,0.5387523629489603,0.07999556682911191,0.8707138028602308,0.6187479297780722,0.08933601609657947,0.1703848213909579,0.3439693825138933,0.2597208374875374
Adult,tilde,Agarwal LR,8,0.8444666666666667,0.8241045475244286,0.9146881287726358,0.10501714173375243,1.1297034763686167,0.8096709870388834,0.504725897920605,0.11468450287436027,0.8148489228996291,0.6194104007949652,0.08631790744466801,0.1758954524755713,0.32918958618631944,0.2622133599202393
Adult,tilde,Agarwal SVM,8,0.8432,0.8223590797025423,0.9126760563380282,0.10390237737491748,1.1284690390865906,0.8087736789631107,0.46880907372400754,0.14265167486824154,0.766703463473878,0.6114607485922491,0.0806841046277666,0.1776409202974577,0.31233561150771866,0.2583250249252243
Adult,tilde,Kamiran & Calders LR,8,0.8449333333333333,0.8621587952440466,0.9173038229376258,0.10823104128259087,1.1337716998230913,0.8090727816550349,0.6049149338374291,0.018628083887114455,1.031772986019886,0.5862868499503147,0.10503018108651911,0.13784120475595346,0.43245185398102903,0.2428713858424726
Adult,tilde,Kamiran & Calders SVM,8,0.8416666666666667,0.8929623604036984,0.9150905432595573,0.10980639570222928,1.136357329316994,0.805284147557328,0.6446124763705104,0.09807388743377643,1.1794454946439825,0.546538588936734,0.11569416498993963,0.10703763959630165,0.5194326207918954,0.22273180458624128
