dataset,transform,model,repeat,Accuracy,CV,Accuracy_sensitive_0,Accuracy_sensitive_0-sensitive_1,Accuracy_sensitive_0/sensitive_1,Accuracy_sensitive_1,TPR_sensitive_0,TPR_sensitive_0-sensitive_1,TPR_sensitive_0/sensitive_1,TPR_sensitive_1,prob_pos_sensitive_0,prob_pos_sensitive_0-sensitive_1,prob_pos_sensitive_0/sensitive_1,prob_pos_sensitive_1
Adult,beutel,SVM,2,0.8283345275872659,0.8463646379762775,0.8965091133765832,0.10195920523206392,1.1283232232323395,0.7945499081445193,0.6231003039513677,0.0038637102402186985,0.9938374290186326,0.6269640141915864,0.1285140562248996,0.15363536202372258,0.45548226546991,0.28214941824862216
Adult,beutel,Logistic Regression,2,0.8281297983416931,0.848051398206704,0.8962001853568119,0.10180336968014314,1.1281517846888987,0.7943968156766688,0.6231003039513677,0.001329498380107208,0.9978708601428965,0.6244298023314749,0.12882298424467098,0.15194860179329595,0.45881773886924254,0.2807715860379669
Adult,beutel,Kamishima,2,0.8302794554202068,0.7772059078085388,0.9023787457522398,0.10782883760772044,1.1357105909929923,0.7945499081445193,0.3343465045592705,0.3002201452126504,0.5268894995969974,0.6345666497719209,0.0639481000926784,0.2227940921914612,0.2230160116419516,0.2867421922841396
Adult,beutel,Agarwal LR,2,0.8282321629644794,0.8497354153530605,0.8962001853568119,0.10165027721229258,1.1279344144028314,0.7945499081445193,0.6231003039513677,0.0012047134800042825,1.0019371635664616,0.6218955904713634,0.12882298424467098,0.15026458464693954,0.4615862496358699,0.2790875688916105
Adult,beutel,Agarwal SVM,2,0.8283345275872659,0.8463646379762775,0.8965091133765832,0.10195920523206392,1.1283232232323395,0.7945499081445193,0.6231003039513677,0.0038637102402186985,0.9938374290186326,0.6269640141915864,0.1285140562248996,0.15363536202372258,0.45548226546991,0.28214941824862216
Adult,beutel,Kamiran & Calders LR,2,0.8276179752277613,0.867360250744369,0.8946555452579549,0.10025872958128612,1.1262073658941918,0.7943968156766688,0.6261398176291794,0.030093188130953297,1.0504879763455535,0.5960466294982261,0.13098548038307076,0.13263974925563102,0.4968624610117411,0.2636252296387018
Adult,beutel,Kamiran & Calders SVM,2,0.8283345275872659,0.8463646379762775,0.8965091133765832,0.10195920523206392,1.1283232232323395,0.7945499081445193,0.6231003039513677,0.0038637102402186985,0.9938374290186326,0.6269640141915864,0.1285140562248996,0.15363536202372258,0.45548226546991,0.28214941824862216
