dataset,transform,model,repeat,Accuracy,CV,Accuracy_sensitive_0,Accuracy_sensitive_0-sensitive_1,Accuracy_sensitive_0/sensitive_1,Accuracy_sensitive_1,TPR_sensitive_0,TPR_sensitive_0-sensitive_1,TPR_sensitive_0/sensitive_1,TPR_sensitive_1,prob_pos_sensitive_0,prob_pos_sensitive_0-sensitive_1,prob_pos_sensitive_0/sensitive_1,prob_pos_sensitive_1
Adult,no_transform,SVM,1,0.8535333333333334,0.8307605131159843,0.928471807132895,0.11262169191397908,1.1380421352073469,0.8158501152189159,0.5080213903743316,0.08943765342372922,0.8503032896528404,0.5974590437980608,0.07332137876070931,0.1692394868840157,0.30228033102463425,0.24256086564472498
Adult,no_transform,Logistic Regression,1,0.8537333333333333,0.8242367611432433,0.928471807132895,0.11232112082891743,1.1376230182903786,0.8161506863039776,0.5169340463458111,0.09523579651610803,0.8444291275916553,0.6121698428619191,0.07531380753138076,0.17576323885675668,0.29996293414633335,0.25107704638813744
Adult,no_transform,Kamishima,1,0.8511333333333333,0.8149554685881657,0.9224945208208807,0.10724554777208795,1.1315494423390942,0.8152489730487927,0.46167557932263814,0.15383762696288505,0.7500660824302068,0.6155132062855232,0.06893803546523211,0.18504453141183433,0.2714282177429908,0.25398256687706644
Adult,no_transform,Agarwal LR,1,0.8537333333333333,0.8242367611432433,0.928471807132895,0.11232112082891743,1.1376230182903786,0.8161506863039776,0.5169340463458111,0.09523579651610803,0.8444291275916553,0.6121698428619191,0.07531380753138076,0.17576323885675668,0.29996293414633335,0.25107704638813744
Adult,no_transform,Agarwal SVM,1,0.8535333333333334,0.8307605131159843,0.928471807132895,0.11262169191397908,1.1380421352073469,0.8158501152189159,0.5080213903743316,0.08943765342372922,0.8503032896528404,0.5974590437980608,0.07332137876070931,0.1692394868840157,0.30228033102463425,0.24256086564472498
Adult,no_transform,Kamiran & Calders LR,1,0.8474666666666667,0.9129349949003525,0.9193066347878064,0.10796508584481468,1.1330698347514319,0.8113415489429917,0.6880570409982175,0.1527845568791938,1.2854332352440154,0.5352724841190237,0.12273361227336123,0.0870650050996475,0.5850067736869238,0.20979861737300873
Adult,no_transform,Kamiran & Calders SVM,1,0.8535333333333334,0.8307605131159843,0.928471807132895,0.11262169191397908,1.1380421352073469,0.8158501152189159,0.5080213903743316,0.08943765342372922,0.8503032896528404,0.5974590437980608,0.07332137876070931,0.1692394868840157,0.30228033102463425,0.24256086564472498
