dataset,transform,model,repeat,Accuracy,CV,Accuracy_sensitive_0,Accuracy_sensitive_0-sensitive_1,Accuracy_sensitive_0/sensitive_1,Accuracy_sensitive_1,TPR_sensitive_0,TPR_sensitive_0-sensitive_1,TPR_sensitive_0/sensitive_1,TPR_sensitive_1,prob_pos_sensitive_0,prob_pos_sensitive_0-sensitive_1,prob_pos_sensitive_0/sensitive_1,prob_pos_sensitive_1
Adult,tilde,SVM,8,0.8452,0.837661662898628,0.9150905432595573,0.1045222481449013,1.1289493418073013,0.810568295114656,0.55765595463138,0.05877332658756673,0.904655199909799,0.6164292812189467,0.09718309859154929,0.16233833710137197,0.3744704106312867,0.25952143569292124
Adult,tilde,Logistic Regression,8,0.8452,0.8318609563663135,0.9154929577464789,0.10512406442643896,1.1297237163136298,0.8103688933200399,0.5500945179584121,0.07229700241257164,0.8838399945271135,0.6223915203709838,0.09517102615694165,0.16813904363368645,0.3614408907058405,0.2633100697906281
Adult,tilde,Kamishima,8,0.8472666666666666,0.8296151786090421,0.9189134808853119,0.10714877500295894,1.1319948677572682,0.8117647058823529,0.5387523629489603,0.07999556682911191,0.8707138028602308,0.6187479297780722,0.08933601609657947,0.1703848213909579,0.3439693825138933,0.2597208374875374
Adult,tilde,Agarwal LR,8,0.8444666666666667,0.8241045475244286,0.9146881287726358,0.10501714173375243,1.1297034763686167,0.8096709870388834,0.504725897920605,0.11468450287436027,0.8148489228996291,0.6194104007949652,0.08631790744466801,0.1758954524755713,0.32918958618631944,0.2622133599202393
Adult,tilde,Agarwal SVM,8,0.8452,0.837661662898628,0.9150905432595573,0.1045222481449013,1.1289493418073013,0.810568295114656,0.55765595463138,0.05877332658756673,0.904655199909799,0.6164292812189467,0.09718309859154929,0.16233833710137197,0.3744704106312867,0.25952143569292124
Adult,tilde,Kamiran & Calders LR,8,0.8449333333333333,0.8621587952440466,0.9173038229376258,0.10823104128259087,1.1337716998230913,0.8090727816550349,0.6049149338374291,0.018628083887114455,1.031772986019886,0.5862868499503147,0.10503018108651911,0.13784120475595346,0.43245185398102903,0.2428713858424726
Adult,tilde,Kamiran & Calders SVM,8,0.8452,0.837661662898628,0.9150905432595573,0.1045222481449013,1.1289493418073013,0.810568295114656,0.55765595463138,0.05877332658756673,0.904655199909799,0.6164292812189467,0.09718309859154929,0.16233833710137197,0.3744704106312867,0.25952143569292124
