dataset,transform,model,repeat,Accuracy,CV,Accuracy_sensitive_0,Accuracy_sensitive_0-sensitive_1,Accuracy_sensitive_0/sensitive_1,Accuracy_sensitive_1,TPR_sensitive_0,TPR_sensitive_0-sensitive_1,TPR_sensitive_0/sensitive_1,TPR_sensitive_1,prob_pos_sensitive_0,prob_pos_sensitive_0-sensitive_1,prob_pos_sensitive_0/sensitive_1,prob_pos_sensitive_1
Adult,no_transform,SVM,3,0.8477333333333333,0.8422125822999563,0.9255729061042385,0.11595924039761418,1.1432278694263465,0.8096136657066243,0.4965034965034965,0.06983122884182952,0.8766961909332869,0.566334725345326,0.073615899411884,0.15778741770004368,0.3181281078018283,0.2314033171119277
Adult,no_transform,Logistic Regression,3,0.8481333333333333,0.8205251942493167,0.9241533157574529,0.1132485585819637,1.1396570405831956,0.8109047571754892,0.5034965034965035,0.10491981516716498,0.8275525952400292,0.6084163186636685,0.07665787872642466,0.1794748057506833,0.299289717292117,0.25613268447710796
Adult,no_transform,Kamishima,3,0.8438666666666667,0.8193618564454443,0.918272155749341,0.11084341406694942,1.1372795001525355,0.8074287416823915,0.4632867132867133,0.1358138328102993,0.7733037739740152,0.5991005460970126,0.07321030216994524,0.1806381435545557,0.288401616803278,0.25384844572450094
Adult,no_transform,Agarwal LR,3,0.8481333333333333,0.8205251942493167,0.9241533157574529,0.1132485585819637,1.1396570405831956,0.8109047571754892,0.5034965034965035,0.10491981516716498,0.8275525952400292,0.6084163186636685,0.07665787872642466,0.1794748057506833,0.299289717292117,0.25613268447710796
Adult,no_transform,Agarwal SVM,3,0.8482666666666666,0.831686711518146,0.9219225309267897,0.10972668228243565,1.1350987972489417,0.812195848644354,0.5227272727272727,0.08054930934789595,0.8664802981895633,0.6032765820751687,0.08335023321841412,0.168313288481854,0.3311971184988997,0.2516635217002681
Adult,no_transform,Kamiran & Calders LR,3,0.8412666666666667,0.9113271539337404,0.9146217805718921,0.10927864818535926,1.135692034600861,0.8053431323865329,0.6765734265734266,0.1436469890533495,1.2695437473918487,0.5329264375200771,0.12634354086392213,0.08867284606625961,0.5875995902812157,0.21501638693018174
Adult,no_transform,Kamiran & Calders SVM,3,0.8401333333333333,0.9205099697505987,0.9111742040154127,0.10583107162887984,1.1314111555347381,0.8053431323865329,0.6713286713286714,0.1496454075959377,1.2868510799545283,0.5216832637327337,0.12857432569458527,0.07949003024940124,0.6179545992452405,0.2080643559439865
