dataset,transform,model,repeat,Accuracy,CV,Accuracy_sensitive_0,Accuracy_sensitive_0-sensitive_1,Accuracy_sensitive_0/sensitive_1,Accuracy_sensitive_1,TPR_sensitive_0,TPR_sensitive_0-sensitive_1,TPR_sensitive_0/sensitive_1,TPR_sensitive_1,prob_pos_sensitive_0,prob_pos_sensitive_0-sensitive_1,prob_pos_sensitive_0/sensitive_1,prob_pos_sensitive_1
Adult,no_transform,SVM,6,0.8494666666666667,0.8256361387794162,0.9216478190630049,0.10775450696109401,1.1323938965450076,0.8138933121019108,0.49107142857142855,0.11452570777741627,0.810887963460505,0.6055971363488448,0.07633279483037157,0.17436386122058384,0.304482700458743,0.2506966560509554
Adult,no_transform,Logistic Regression,6,0.8494666666666667,0.8184878978319253,0.9208400646203554,0.10654866334647006,1.1308483218412773,0.8142914012738853,0.4928571428571429,0.1270582492678164,0.7950393700787403,0.6199153921249593,0.07754442649434572,0.18151210216807467,0.2993339982386422,0.2590565286624204
Adult,no_transform,Kamishima,6,0.8458,0.8110219572867683,0.9133683360258481,0.1008683360258481,1.1241456443395053,0.8125,0.42857142857142855,0.1890660592255125,0.6938883034773445,0.617637487796941,0.07047657512116316,0.1889780427132317,0.27163353541137225,0.2594546178343949
Adult,no_transform,Agarwal LR,6,0.8494666666666667,0.8184878978319253,0.9208400646203554,0.10654866334647006,1.1308483218412773,0.8142914012738853,0.4928571428571429,0.1270582492678164,0.7950393700787403,0.6199153921249593,0.07754442649434572,0.18151210216807467,0.2993339982386422,0.2590565286624204
Adult,no_transform,Agarwal SVM,6,0.8494666666666667,0.8256361387794162,0.9216478190630049,0.10775450696109401,1.1323938965450076,0.8138933121019108,0.49107142857142855,0.11452570777741627,0.810887963460505,0.6055971363488448,0.07633279483037157,0.17436386122058384,0.304482700458743,0.2506966560509554
Adult,no_transform,Kamiran & Calders LR,6,0.8427333333333333,0.909812544375045,0.9123586429725363,0.10393905698527517,1.1285706813477834,0.8084195859872612,0.6589285714285714,0.1226448096322812,1.2286938713592235,0.5362837617962902,0.12358642972536349,0.09018745562495498,0.5781175260151081,0.21377388535031847
Adult,no_transform,Kamiran & Calders SVM,6,0.8494666666666667,0.8256361387794162,0.9216478190630049,0.10775450696109401,1.1323938965450076,0.8138933121019108,0.49107142857142855,0.11452570777741627,0.810887963460505,0.6055971363488448,0.07633279483037157,0.17436386122058384,0.304482700458743,0.2506966560509554
