dataset,transform,model,repeat,Accuracy,CV,Accuracy_sensitive_0,Accuracy_sensitive_0-sensitive_1,Accuracy_sensitive_0/sensitive_1,Accuracy_sensitive_1,TPR_sensitive_0,TPR_sensitive_0-sensitive_1,TPR_sensitive_0/sensitive_1,TPR_sensitive_1,prob_pos_sensitive_0,prob_pos_sensitive_0-sensitive_1,prob_pos_sensitive_0/sensitive_1,prob_pos_sensitive_1
Adult,no_transform,SVM,4,0.8539333333333333,0.8382576720677407,0.9285426731078905,0.11155702717487614,1.1365471079329377,0.8169856459330144,0.5269230769230769,0.06380926267510845,0.8919827840837166,0.5907323395981854,0.07709339774557165,0.1617423279322593,0.3227883832151815,0.23883572567783093
Adult,no_transform,Logistic Regression,4,0.8542666666666666,0.8306915455084791,0.928743961352657,0.11135959133670803,1.1362389536938848,0.817384370015949,0.5326923076923077,0.07262201505558608,0.8800259430077416,0.6053143227478938,0.07809983896940419,0.16930845449152088,0.315671871289711,0.24740829346092505
Adult,no_transform,Kamishima,4,0.8517333333333333,0.8236560879581474,0.9231078904991948,0.1067203306905824,1.1307226321719075,0.8163875598086124,0.47692307692307695,0.1283912458248168,0.7878932630538626,0.6053143227478938,0.07206119162640902,0.17634391204185257,0.2900954552151426,0.24840510366826157
Adult,no_transform,Agarwal LR,4,0.8542666666666666,0.8306915455084791,0.928743961352657,0.11135959133670803,1.1362389536938848,0.817384370015949,0.5326923076923077,0.07262201505558608,0.8800259430077416,0.6053143227478938,0.07809983896940419,0.16930845449152088,0.315671871289711,0.24740829346092505
Adult,no_transform,Agarwal SVM,4,0.8539333333333333,0.8382576720677407,0.9285426731078905,0.11155702717487614,1.1365471079329377,0.8169856459330144,0.5269230769230769,0.06380926267510845,0.8919827840837166,0.5907323395981854,0.07709339774557165,0.1617423279322593,0.3227883832151815,0.23883572567783093
Adult,no_transform,Kamiran & Calders LR,4,0.8444666666666667,0.9173702124216998,0.9138486312399355,0.10374097573754315,1.128058258717735,0.8101076555023924,0.6884615384615385,0.15864948402213475,1.2994448365090567,0.5298120544394037,0.12560386473429952,0.08262978757830017,0.6031871570198625,0.2082336523125997
Adult,no_transform,Kamiran & Calders SVM,4,0.8539333333333333,0.8382576720677407,0.9285426731078905,0.11155702717487614,1.1365471079329377,0.8169856459330144,0.5269230769230769,0.06380926267510845,0.8919827840837166,0.5907323395981854,0.07709339774557165,0.1617423279322593,0.3227883832151815,0.23883572567783093
