dataset,transform,model,repeat,Accuracy,CV,Accuracy_sensitive_0,Accuracy_sensitive_0-sensitive_1,Accuracy_sensitive_0/sensitive_1,Accuracy_sensitive_1,TPR_sensitive_0,TPR_sensitive_0-sensitive_1,TPR_sensitive_0/sensitive_1,TPR_sensitive_1,prob_pos_sensitive_0,prob_pos_sensitive_0-sensitive_1,prob_pos_sensitive_0/sensitive_1,prob_pos_sensitive_1
Adult,beutel,SVM,1,0.8371378851468932,0.8643353455455742,0.9190258751902588,0.12337504237101138,1.1550617900239655,0.7956508328192474,0.4817073170731707,0.03188491593653797,0.9379178385356634,0.5135922330097087,0.07732115677321157,0.13566465445442571,0.36303430884685284,0.21298581122763727
Adult,beutel,Logistic Regression,1,0.8369331559013206,0.8629594261767873,0.9193302891933028,0.12414213373370997,1.1561166786519348,0.7951881554595929,0.47865853658536583,0.03493369642434285,0.9319816496841717,0.5135922330097087,0.07640791476407915,0.13704057382321264,0.3579688723484749,0.2134484885872918
Adult,beutel,Kamishima,1,0.8435868563824342,0.7909472984430942,0.9232876712328767,0.12007977487260524,1.14950024198809,0.8032078963602715,0.43597560975609756,0.18392730286526165,0.7032965983536108,0.6199029126213592,0.0639269406392694,0.2090527015569058,0.23418208085029538,0.2729796421961752
Adult,beutel,Agarwal LR,1,0.8370355205241069,0.8671558229741492,0.9199391171993911,0.12490518752634983,1.1571067382969646,0.7950339296730413,0.4695121951219512,0.03340042623727213,0.9335860250494395,0.5029126213592233,0.07397260273972603,0.13284417702585077,0.3576721522478625,0.2068167797655768
Adult,beutel,Agarwal SVM,1,0.8371378851468932,0.8643353455455742,0.9190258751902588,0.12337504237101138,1.1550617900239655,0.7956508328192474,0.4817073170731707,0.03188491593653797,0.9379178385356634,0.5135922330097087,0.07732115677321157,0.13566465445442571,0.36303430884685284,0.21298581122763727
Adult,beutel,Kamiran & Calders LR,1,0.8372402497696796,0.867748500700002,0.9205479452054794,0.12551401553243813,1.1578725270053014,0.7950339296730413,0.4817073170731707,0.023147051858868117,0.9541510318949343,0.5048543689320388,0.07579908675799087,0.13225149929999802,0.3643300804587196,0.2080505860579889
Adult,beutel,Kamiran & Calders SVM,1,0.8371378851468932,0.8643353455455742,0.9190258751902588,0.12337504237101138,1.1550617900239655,0.7956508328192474,0.4817073170731707,0.03188491593653797,0.9379178385356634,0.5135922330097087,0.07732115677321157,0.13566465445442571,0.36303430884685284,0.21298581122763727
