dataset,transform,model,repeat,Accuracy,CV,Accuracy_sensitive_0,Accuracy_sensitive_0-sensitive_1,Accuracy_sensitive_0/sensitive_1,Accuracy_sensitive_1,TPR_sensitive_0,TPR_sensitive_0-sensitive_1,TPR_sensitive_0/sensitive_1,TPR_sensitive_1,prob_pos_sensitive_0,prob_pos_sensitive_0-sensitive_1,prob_pos_sensitive_0/sensitive_1,prob_pos_sensitive_1
Adult,beutel,SVM,5,0.8386733544886887,0.8586044161484659,0.9183864915572233,0.11850823862768445,1.148157845514177,0.7998782529295388,0.41292134831460675,0.09280289260127178,0.8164950676811467,0.5057242409158785,0.062226391494684175,0.14139558385153406,0.30559762220595643,0.20362197534621823
Adult,beutel,Logistic Regression,5,0.8380591667519706,0.8601095990122422,0.9183864915572233,0.11942134165614282,1.1494700259090505,0.7989651499010805,0.4101123595505618,0.09063428056890066,0.8190017200169767,0.5007466401194625,0.06160100062539087,0.13989040098775782,0.3057252077865887,0.20149140161314869
Adult,beutel,Kamishima,5,0.8385709898659024,0.8430339822988973,0.9196372732958099,0.12051993955665297,1.1508163250479464,0.7991173337391569,0.3848314606741573,0.13283902215311993,0.7433907735522904,0.5176704828272772,0.05472170106316448,0.15696601770110274,0.258502011276818,0.21168771876426723
Adult,beutel,Agarwal LR,5,0.8379568021291841,0.8602451273333309,0.9183864915572233,0.11957352549421918,1.1496890142927252,0.7988129660630041,0.40730337078651685,0.09194998909402075,0.8158249969193543,0.4992533598805376,0.06097560975609756,0.13975487266666914,0.30376856080918657,0.2007304824227667
Adult,beutel,Agarwal SVM,5,0.8386733544886887,0.8586044161484659,0.9183864915572233,0.11850823862768445,1.148157845514177,0.7998782529295388,0.41292134831460675,0.09280289260127178,0.8164950676811467,0.5057242409158785,0.062226391494684175,0.14139558385153406,0.30559762220595643,0.20362197534621823
Adult,beutel,Kamiran & Calders LR,5,0.8372402497696796,0.8646418031205586,0.9183864915572233,0.12063881236075391,1.1512242724194037,0.7977476791964694,0.4044943820224719,0.08480377626523344,0.826682821447758,0.48929815828770534,0.06035021888680425,0.13535819687944137,0.3083680313415169,0.19570841576624562
Adult,beutel,Kamiran & Calders SVM,5,0.8386733544886887,0.8586044161484659,0.9183864915572233,0.11850823862768445,1.148157845514177,0.7998782529295388,0.41292134831460675,0.09280289260127178,0.8164950676811467,0.5057242409158785,0.062226391494684175,0.14139558385153406,0.30559762220595643,0.20362197534621823
