dataset,transform,model,repeat,Accuracy,CV,Accuracy_sensitive_0,Accuracy_sensitive_0-sensitive_1,Accuracy_sensitive_0/sensitive_1,Accuracy_sensitive_1,TPR_sensitive_0,TPR_sensitive_0-sensitive_1,TPR_sensitive_0/sensitive_1,TPR_sensitive_1,prob_pos_sensitive_0,prob_pos_sensitive_0-sensitive_1,prob_pos_sensitive_0/sensitive_1,prob_pos_sensitive_1
Adult,tilde,SVM,7,0.8409333333333333,0.8447929296357406,0.9058205335489087,0.09682729837182946,1.119688637879197,0.8089932351770792,0.5349716446124764,0.07312763690287305,0.879743918261763,0.6080992815153494,0.10165723524656427,0.15520707036425946,0.3957624046082355,0.25686430561082374
Adult,tilde,Logistic Regression,7,0.8420666666666666,0.8365945748236896,0.9072352465642683,0.09724718448706982,1.120060021918942,0.8099880620771985,0.5293005671077504,0.08957598416592694,0.8552603358754257,0.6188765512736774,0.09902991107518189,0.16340542517631035,0.3773497597148326,0.26243533625149223
Adult,tilde,Kamishima,7,0.8452,0.8220714692652371,0.9151172190784155,0.10433329548112136,1.128681998303832,0.8107839235972941,0.5066162570888468,0.11650588530174755,0.81302881509751,0.6231221423905944,0.08629749393694422,0.17792853073476292,0.32660482268605545,0.26422602467170714
Adult,tilde,Agarwal LR,7,0.8420666666666666,0.8365945748236896,0.9072352465642683,0.09724718448706982,1.120060021918942,0.8099880620771985,0.5293005671077504,0.08957598416592694,0.8552603358754257,0.6188765512736774,0.09902991107518189,0.16340542517631035,0.3773497597148326,0.26243533625149223
Adult,tilde,Agarwal SVM,7,0.8414666666666667,0.836317197460835,0.9066289409862571,0.09723777504913023,1.1201369364299234,0.8093911659371269,0.502835538752363,0.1072232463554097,0.8242411240148477,0.6100587851077727,0.09397736459175425,0.16368280253916495,0.3647337717669165,0.2576601671309192
Adult,tilde,Kamiran & Calders LR,7,0.8403333333333334,0.8689586985187132,0.9076394502829426,0.10043690352607826,1.1244259002026298,0.8072025467568643,0.5708884688090737,0.0042258355671509484,0.9926521814272481,0.5751143043762247,0.10751818916734034,0.1310413014812868,0.45069759696001044,0.23855949064862714
Adult,tilde,Kamiran & Calders SVM,7,0.8420666666666666,0.893454280264854,0.9110751818916734,0.10297729092470165,1.1274317036039765,0.8080978909669717,0.6238185255198487,0.07450435177719683,1.1356315845075962,0.5493141737426519,0.11540016168148746,0.10654571973514605,0.5199472995169484,0.22194588141663352
