dataset,transform,model,repeat,Accuracy,CV,Accuracy_sensitive_0,Accuracy_sensitive_0-sensitive_1,Accuracy_sensitive_0/sensitive_1,Accuracy_sensitive_1,TPR_sensitive_0,TPR_sensitive_0-sensitive_1,TPR_sensitive_0/sensitive_1,TPR_sensitive_1,prob_pos_sensitive_0,prob_pos_sensitive_0-sensitive_1,prob_pos_sensitive_0/sensitive_1,prob_pos_sensitive_1
Adult,tilde,SVM,9,0.8415333333333334,0.8442478667683648,0.9127503064977524,0.10570498688564078,1.1309777583945912,0.8070453196121116,0.5581395348837209,0.04468822861242305,0.9258689939009273,0.602827763496144,0.10053126277073968,0.15575213323163514,0.3922660006027395,0.2562833960023748
Adult,tilde,Logistic Regression,9,0.8408,0.8324726837087962,0.9127503064977524,0.10679344918526468,1.1325051685041478,0.8059568573124877,0.5581395348837209,0.06204041370239732,0.8999638510663935,0.6201799485861182,0.10053126277073968,0.16752731629120374,0.3750346775788465,0.2680585790619434
Adult,tilde,Kamishima,9,0.8438666666666667,0.8158357131609678,0.9174499387004496,0.10921720567056636,1.1351308864479364,0.8082327330298832,0.5080500894454383,0.11662857379363623,0.8132982913344671,0.6246786632390745,0.08438904781364936,0.1841642868390322,0.31423571009754625,0.26855333465268155
Adult,tilde,Agarwal LR,9,0.8408666666666667,0.829315184665755,0.9131589701675521,0.10730106397321215,1.133151344856739,0.80585790619434,0.5474060822898033,0.07309520305724049,0.8821997556115316,0.6205012853470437,0.09767061708214139,0.17068481533424493,0.36395990274045753,0.2683554324163863
Adult,tilde,Agarwal SVM,9,0.8428,0.8371734077301245,0.9129546383326522,0.10412819859388323,1.1287398550268881,0.808826439738769,0.5384615384615384,0.07111429701403993,0.8833380641498723,0.6095758354755784,0.0958316305680425,0.16282659226987556,0.3704952021884612,0.25865822283791806
Adult,tilde,Kamiran & Calders LR,9,0.8402666666666667,0.8579045363931861,0.9141806293420515,0.10970803880177837,1.1363726248623336,0.8044725905402731,0.592128801431127,0.005367875981255543,1.009148318758854,0.5867609254498715,0.10686554965263588,0.14209546360681397,0.4292461227303411,0.24896101325944983
Adult,tilde,Kamiran & Calders SVM,9,0.8416666666666667,0.8851753755916747,0.9109113199836535,0.10277753807191792,1.1271788661387048,0.8081337819117356,0.6135957066189625,0.051899048521276026,1.092396933065338,0.5616966580976864,0.11503882304863097,0.1148246244083253,0.5004659258413536,0.22986344745695628
