dataset,transform,model,repeat,Accuracy,CV,Accuracy_sensitive_0,Accuracy_sensitive_0-sensitive_1,Accuracy_sensitive_0/sensitive_1,Accuracy_sensitive_1,TPR_sensitive_0,TPR_sensitive_0-sensitive_1,TPR_sensitive_0/sensitive_1,TPR_sensitive_1,prob_pos_sensitive_0,prob_pos_sensitive_0-sensitive_1,prob_pos_sensitive_0/sensitive_1,prob_pos_sensitive_1
Adult,beutel,SVM,8,0.8157436789845429,0.8299242124287011,0.8788065210704399,0.09451686166571449,1.1205126964665741,0.7842896594047254,0.6442577030812325,0.03270432223522313,0.951689576354102,0.6769620253164557,0.15287603814211012,0.1700757875712989,0.4733710292685386,0.322951825713409
Adult,beutel,Logistic Regression,8,0.8155389497389702,0.8264008081541034,0.8784989234081821,0.09436268529833247,1.1203396561875427,0.7841362381098497,0.6526610644257703,0.03341488494131828,0.9512956474102556,0.6860759493670886,0.15502922177791448,0.17359919184589653,0.4717462500226174,0.328628413623811
Adult,beutel,Kamishima,8,0.8214760978605794,0.7422581236127312,0.8954167948323593,0.11082029283788242,1.1412449489083532,0.7845965019944768,0.31932773109243695,0.3576342942240187,0.4717070074102939,0.6769620253164557,0.0649031067363888,0.25774187638726875,0.20115951008453742,0.3226449831236576
Adult,beutel,Agarwal LR,8,0.8157436789845429,0.8316126017448404,0.8784989234081821,0.09405584270858103,1.1199014243642735,0.7844430806996011,0.6442577030812325,0.03067900577952698,0.9545453590288329,0.6749367088607595,0.1531836358043679,0.16838739825515958,0.47636018042598754,0.32157103405952747
Adult,beutel,Agarwal SVM,8,0.8157436789845429,0.8299242124287011,0.8788065210704399,0.09451686166571449,1.1205126964665741,0.7842896594047254,0.6442577030812325,0.03270432223522313,0.951689576354102,0.6769620253164557,0.15287603814211012,0.1700757875712989,0.4733710292685386,0.322951825713409
Adult,beutel,Kamiran & Calders LR,8,0.8147200327566793,0.8674406977851552,0.8889572439249461,0.11126470019987711,1.1430702931352927,0.777692543725069,0.5574229691876751,0.0014736020990674392,1.002650604868541,0.5559493670886076,0.12365426022762227,0.13255930221484474,0.4826218372237377,0.256213562442467
Adult,beutel,Kamiran & Calders SVM,8,0.8157436789845429,0.8299242124287011,0.8788065210704399,0.09451686166571449,1.1205126964665741,0.7842896594047254,0.6442577030812325,0.03270432223522313,0.951689576354102,0.6769620253164557,0.15287603814211012,0.1700757875712989,0.4733710292685386,0.322951825713409
