dataset,transform,model,repeat,Accuracy,CV,Accuracy_sensitive_0,Accuracy_sensitive_0-sensitive_1,Accuracy_sensitive_0/sensitive_1,Accuracy_sensitive_1,TPR_sensitive_0,TPR_sensitive_0-sensitive_1,TPR_sensitive_0/sensitive_1,TPR_sensitive_1,prob_pos_sensitive_0,prob_pos_sensitive_0-sensitive_1,prob_pos_sensitive_0/sensitive_1,prob_pos_sensitive_1
Adult,tilde,SVM,5,0.8424666666666667,0.8611648463275124,0.909275421148772,0.09948687751728191,1.1228553778633787,0.8097885436314901,0.5773584905660377,0.014498186958392223,0.9755038888485063,0.5918566775244299,0.10736756647046884,0.13883515367248755,0.4360941520391261,0.2462027201429564
Adult,tilde,Logistic Regression,5,0.8440666666666666,0.8504166388691152,0.9088694946214735,0.09649979344009751,1.118788026313345,0.812369701181376,0.569811320754717,0.041915063610103886,0.9314807000622902,0.6117263843648209,0.10614978688857317,0.14958336113088477,0.41508028079526305,0.25573314801945796
Adult,tilde,Kamishima,5,0.8467333333333333,0.8246645842161637,0.9171909884310939,0.10492056254009818,1.1291694972459556,0.8122704258909957,0.5150943396226415,0.10575256591481774,0.8296640202736146,0.6208469055374592,0.0860564237872945,0.17533541578383627,0.32922383471683153,0.26139183957113077
Adult,tilde,Agarwal LR,5,0.8440666666666666,0.8504166388691152,0.9088694946214735,0.09649979344009751,1.118788026313345,0.812369701181376,0.569811320754717,0.041915063610103886,0.9314807000622902,0.6117263843648209,0.10614978688857317,0.14958336113088477,0.41508028079526305,0.25573314801945796
Adult,tilde,Agarwal SVM,5,0.8432666666666667,0.8514733454509501,0.9094783844124213,0.09859781258674871,1.1215935071236924,0.8108805718256726,0.5226415094339623,0.06726077069633085,0.8859798089244971,0.5899022801302931,0.09539273391516136,0.1485266545490499,0.3910830316350917,0.24391938846421127
Adult,tilde,Kamiran & Calders LR,5,0.8450666666666666,0.8771922949076169,0.9100872742033692,0.09682409540857129,1.119056288214177,0.8132631787947979,0.590566037735849,0.015973203859627527,1.0277991699824582,0.5745928338762215,0.10939719910696163,0.12280770509238315,0.471123551348621,0.23220490419934478
Adult,tilde,Kamiran & Calders SVM,5,0.841,0.9059997999986742,0.9054191191394357,0.09592840137908631,1.1185046341785059,0.8094907177603494,0.6150943396226415,0.07763505623501932,1.1444482561463694,0.5374592833876222,0.11934239902577634,0.0940002000013258,0.5593931993423198,0.21334259902710215
