dataset,transform,model,repeat,Accuracy,CV,Accuracy_sensitive_0,Accuracy_sensitive_0-sensitive_1,Accuracy_sensitive_0/sensitive_1,Accuracy_sensitive_1,TPR_sensitive_0,TPR_sensitive_0-sensitive_1,TPR_sensitive_0/sensitive_1,TPR_sensitive_1,prob_pos_sensitive_0,prob_pos_sensitive_0-sensitive_1,prob_pos_sensitive_0/sensitive_1,prob_pos_sensitive_1
Adult,no_transform,SVM,1,0.8545333333333334,0.8403708229138052,0.9318589360430365,0.11620920154749492,1.14247439388841,0.8156497344955416,0.5294117647058824,0.05400515271304107,0.9074330018540367,0.5834169174189234,0.07471607890017933,0.15962917708619478,0.3188290651999529,0.23434525598637412
Adult,no_transform,Logistic Regression,1,0.8537333333333333,0.8242367611432433,0.928471807132895,0.11232112082891743,1.1376230182903786,0.8161506863039776,0.5169340463458111,0.09523579651610803,0.8444291275916553,0.6121698428619191,0.07531380753138076,0.17576323885675668,0.29996293414633335,0.25107704638813744
Adult,no_transform,Kamishima,1,0.8511333333333333,0.8149554685881657,0.9224945208208807,0.10724554777208795,1.1315494423390942,0.8152489730487927,0.46167557932263814,0.15383762696288505,0.7500660824302068,0.6155132062855232,0.06893803546523211,0.18504453141183433,0.2714282177429908,0.25398256687706644
Adult,no_transform,Agarwal LR,1,0.8537333333333333,0.8242367611432433,0.928471807132895,0.11232112082891743,1.1376230182903786,0.8161506863039776,0.5169340463458111,0.09523579651610803,0.8444291275916553,0.6121698428619191,0.07531380753138076,0.17576323885675668,0.29996293414633335,0.25107704638813744
Adult,no_transform,Agarwal SVM,1,0.8532666666666666,0.8562646793402384,0.9318589360430365,0.1181128184195519,1.145147013130454,0.8137461176234846,0.5579322638146168,0.006427482089762959,0.9886110195909472,0.5643597459043798,0.08109185096632796,0.1437353206597616,0.36068527829541863,0.22482717162608956
Adult,no_transform,Kamiran & Calders LR,1,0.8474666666666667,0.9129349949003525,0.9193066347878064,0.10796508584481468,1.1330698347514319,0.8113415489429917,0.6880570409982175,0.1527845568791938,1.2854332352440154,0.5352724841190237,0.12273361227336123,0.0870650050996475,0.5850067736869238,0.20979861737300873
Adult,no_transform,Kamiran & Calders SVM,1,0.845,0.9350656863701523,0.9201036062960749,0.1128698621822587,1.1398230227679191,0.8072337441138162,0.7005347593582888,0.2057169726648752,1.4157428819193525,0.4948177866934136,0.12472604104403268,0.0649343136298477,0.6576284287694084,0.18966035467388037
