dataset,transform,model,repeat,Accuracy,CV,Accuracy_sensitive_0,Accuracy_sensitive_0-sensitive_1,Accuracy_sensitive_0/sensitive_1,Accuracy_sensitive_1,TPR_sensitive_0,TPR_sensitive_0-sensitive_1,TPR_sensitive_0/sensitive_1,TPR_sensitive_1,prob_pos_sensitive_0,prob_pos_sensitive_0-sensitive_1,prob_pos_sensitive_0/sensitive_1,prob_pos_sensitive_1
Adult,tilde,SVM,0,0.8445333333333334,0.8485402489243534,0.9165329052969502,0.10782683500941026,1.1333325406733645,0.8087060702875399,0.594392523364486,0.010388092221630618,0.9828233710639632,0.6047806155861166,0.10373194221508829,0.15145975107564652,0.40648635885223955,0.2551916932907348
Adult,tilde,Logistic Regression,0,0.8438,0.8420448630505797,0.9141252006420546,0.1053192900989236,1.1302157770189876,0.808805910543131,0.577570093457944,0.03605138656825113,0.9412481672468309,0.6136214800261951,0.10252808988764045,0.15795513694942026,0.3936072626732874,0.2604832268370607
Adult,tilde,Kamishima,0,0.8457333333333333,0.8255039128405787,0.9185393258426966,0.10903453351042824,1.134692882047416,0.8095047923322684,0.5327102803738317,0.08615023043166925,0.8607921673342234,0.618860510805501,0.08848314606741572,0.17449608715942136,0.3364643853497478,0.2629792332268371
Adult,tilde,Agarwal LR,0,0.8438,0.8420448630505797,0.9141252006420546,0.1053192900989236,1.1302157770189876,0.808805910543131,0.577570093457944,0.03605138656825113,0.9412481672468309,0.6136214800261951,0.10252808988764045,0.15795513694942026,0.3936072626732874,0.2604832268370607
Adult,tilde,Agarwal SVM,0,0.8465333333333334,0.8476742188421479,0.9217495987158909,0.1126441674059867,1.1392206294099658,0.8091054313099042,0.5532710280373832,0.03055346443151008,0.9476666963691353,0.5838244924688932,0.08968699839486356,0.1523257811578521,0.37058786135435373,0.24201277955271566
Adult,tilde,Kamiran & Calders LR,0,0.8425333333333334,0.8676376225006281,0.9147271268057785,0.10811770188565073,1.134039720520693,0.8066094249201278,0.6130841121495327,0.03351633218882544,1.057829874861397,0.5795677799607073,0.10955056179775281,0.1323623774993718,0.45285118735711605,0.2419129392971246
Adult,tilde,Kamiran & Calders SVM,0,0.8421333333333333,0.8945791068159323,0.9195425361155698,0.11592831886317367,1.14425867085769,0.8036142172523961,0.6205607476635514,0.09534791203814208,1.1815414734192555,0.5252128356254093,0.10634028892455859,0.10542089318406762,0.5021708316211121,0.2117611821086262
