dataset,transform,model,repeat,Accuracy,CV,Accuracy_sensitive_0,Accuracy_sensitive_0-sensitive_1,Accuracy_sensitive_0/sensitive_1,Accuracy_sensitive_1,TPR_sensitive_0,TPR_sensitive_0-sensitive_1,TPR_sensitive_0/sensitive_1,TPR_sensitive_1,prob_pos_sensitive_0,prob_pos_sensitive_0-sensitive_1,prob_pos_sensitive_0/sensitive_1,prob_pos_sensitive_1
Adult,beutel,SVM,0,0.8365236974101751,0.821387256230496,0.9097135740971357,0.10904253551241705,1.1361889343533178,0.8006710385847187,0.53125,0.0938129089079014,0.8499144524959742,0.6250629089079014,0.09651307596513076,0.17861274376950398,0.3507961414098461,0.27512581973463474
Adult,beutel,Logistic Regression,0,0.8340669464633023,0.8451066431338482,0.9209215442092155,0.12940103177975082,1.1634841166435117,0.7915205124294646,0.41875,0.09659977352793153,0.8125549316406251,0.5153497735279315,0.06288916562889166,0.1548933568661518,0.28877048951585615,0.21778252249504346
Adult,beutel,Kamishima,0,0.8410277408127751,0.7905337635992525,0.9221668742216688,0.12088580055993325,1.1508656631654897,0.8012810736617355,0.43125,0.1923030951182687,0.6916010895883777,0.6235530951182687,0.06413449564134496,0.20946623640074744,0.23440907910830489,0.2736007320420924
Adult,beutel,Agarwal LR,0,0.8340669464633023,0.8451066431338482,0.9209215442092155,0.12940103177975082,1.1634841166435117,0.7915205124294646,0.41875,0.09659977352793153,0.8125549316406251,0.5153497735279315,0.06288916562889166,0.1548933568661518,0.28877048951585615,0.21778252249504346
Adult,beutel,Agarwal SVM,0,0.8365236974101751,0.821387256230496,0.9097135740971357,0.10904253551241705,1.1361889343533178,0.8006710385847187,0.53125,0.0938129089079014,0.8499144524959742,0.6250629089079014,0.09651307596513076,0.17861274376950398,0.3507961414098461,0.27512581973463474
Adult,beutel,Kamiran & Calders LR,0,0.8336574879721568,0.8533042268859475,0.9209215442092155,0.13001106685676767,1.1643815205128858,0.7909104773524478,0.409375,0.08836027931555107,0.822475353892821,0.49773527931555106,0.06102117061021171,0.14669577311405244,0.2937707897879282,0.20771694372426414
Adult,beutel,Kamiran & Calders SVM,0,0.8365236974101751,0.821387256230496,0.9097135740971357,0.10904253551241705,1.1361889343533178,0.8006710385847187,0.53125,0.0938129089079014,0.8499144524959742,0.6250629089079014,0.09651307596513076,0.17861274376950398,0.3507961414098461,0.27512581973463474
