dataset,transform,model,repeat,Accuracy,CV,Accuracy_sensitive_0,Accuracy_sensitive_0-sensitive_1,Accuracy_sensitive_0/sensitive_1,Accuracy_sensitive_1,TPR_sensitive_0,TPR_sensitive_0-sensitive_1,TPR_sensitive_0/sensitive_1,TPR_sensitive_1,prob_pos_sensitive_0,prob_pos_sensitive_0-sensitive_1,prob_pos_sensitive_0/sensitive_1,prob_pos_sensitive_1
Adult,tilde,SVM,2,0.8365333333333334,0.8559,0.9014,0.09729999999999994,1.121004850143017,0.8041,0.5722120658135283,0.033602673875450684,0.9445330863149648,0.605814739688979,0.1144,0.1441,0.4425531914893617,0.2585
Adult,tilde,Logistic Regression,2,0.8364666666666667,0.8501,0.9,0.09530000000000005,1.1184292282838326,0.8047,0.5575868372943327,0.0560034263973509,0.9087283001193587,0.6135902636916836,0.1126,0.1499,0.428952380952381,0.2625
Adult,tilde,Kamishima,2,0.8408,0.8236,0.9096,0.10319999999999996,1.1279761904761905,0.8064,0.5009140767824497,0.12315624099983558,0.8026564675636437,0.6240703177822853,0.0906,0.1764,0.3393258426966292,0.267
Adult,tilde,Agarwal LR,2,0.8364666666666667,0.8501,0.9,0.09530000000000005,1.1184292282838326,0.8047,0.5575868372943327,0.0560034263973509,0.9087283001193587,0.6135902636916836,0.1126,0.1499,0.428952380952381,0.2625
Adult,tilde,Agarwal SVM,2,0.8365333333333334,0.8559,0.9014,0.09729999999999994,1.121004850143017,0.8041,0.5722120658135283,0.033602673875450684,0.9445330863149648,0.605814739688979,0.1144,0.1441,0.4425531914893617,0.2585
Adult,tilde,Kamiran & Calders LR,2,0.8376,0.8784,0.9024,0.09719999999999995,1.120715350223547,0.8052,0.5978062157221207,0.020389041956062504,1.0353107646990825,0.5774171737660582,0.119,0.12160000000000001,0.49459684123025766,0.2406
Adult,tilde,Kamiran & Calders SVM,2,0.8365333333333334,0.8559,0.9014,0.09729999999999994,1.121004850143017,0.8041,0.5722120658135283,0.033602673875450684,0.9445330863149648,0.605814739688979,0.1144,0.1441,0.4425531914893617,0.2585
