dataset,transform,model,repeat,Accuracy,CV,Accuracy_sensitive_0,Accuracy_sensitive_0-sensitive_1,Accuracy_sensitive_0/sensitive_1,Accuracy_sensitive_1,TPR_sensitive_0,TPR_sensitive_0-sensitive_1,TPR_sensitive_0/sensitive_1,TPR_sensitive_1,prob_pos_sensitive_0,prob_pos_sensitive_0-sensitive_1,prob_pos_sensitive_0/sensitive_1,prob_pos_sensitive_1
Adult,tilde,SVM,1,0.8422666666666667,0.8439219813521363,0.9057581191472405,0.0954184738211209,1.117751210090085,0.8103396453261196,0.5347593582887701,0.07941650262731148,0.8706941974097503,0.6141758609160816,0.10201235305837816,0.15607801864786372,0.3952582670324815,0.2580903717062419
Adult,tilde,Logistic Regression,1,0.8442666666666667,0.8421948504310012,0.9099422195656506,0.09870086098434605,1.1216664559077136,0.8112413585813045,0.5721925133689839,0.05335078318735176,0.914712884813806,0.6255432965563357,0.1061964534767882,0.15780514956899883,0.40225685091150776,0.264001603045787
Adult,tilde,Kamishima,1,0.8474666666666667,0.8198523398881066,0.9171149631400678,0.10467132021851688,1.1288351766063653,0.8124436429215509,0.5258467023172906,0.10972668450985756,0.8273579624571362,0.6355733868271481,0.08866308029487946,0.18014766011189343,0.32983458979619523,0.2688107404067729
Adult,tilde,Agarwal LR,1,0.8442666666666667,0.8421948504310012,0.9099422195656506,0.09870086098434605,1.1216664559077136,0.8112413585813045,0.5721925133689839,0.05335078318735176,0.914712884813806,0.6255432965563357,0.1061964534767882,0.15780514956899883,0.40225685091150776,0.264001603045787
Adult,tilde,Agarwal SVM,1,0.8396666666666667,0.8519565536743363,0.9039649332536361,0.09663099877813264,1.1196914865729142,0.8073339344755035,0.5115864527629234,0.07851719150320835,0.866943388223175,0.5901036442661317,0.0986252241482367,0.14804344632566369,0.3998287417642366,0.2466686704739004
Adult,tilde,Kamiran & Calders LR,1,0.8426,0.8675157036264899,0.9095437338115162,0.10060675354901749,1.1243690868432925,0.8089369802624987,0.5918003565062389,0.004371402978990413,1.007441585833899,0.5874289535272484,0.11097828252639969,0.13248429637351014,0.4558330197102861,0.24346257889990983
Adult,tilde,Kamiran & Calders SVM,1,0.8366666666666667,0.9073402644941707,0.9041641761307033,0.10143899829281133,1.1263682778283262,0.802725177837892,0.6078431372549019,0.0822664070643302,1.1565259691662924,0.5255767301905717,0.1199442119944212,0.09265973550582927,0.5641673797909132,0.21260394750025047
