dataset,transform,model,repeat,Accuracy,CV,Accuracy_sensitive_0,Accuracy_sensitive_0-sensitive_1,Accuracy_sensitive_0/sensitive_1,Accuracy_sensitive_1,TPR_sensitive_0,TPR_sensitive_0-sensitive_1,TPR_sensitive_0/sensitive_1,TPR_sensitive_1,prob_pos_sensitive_0,prob_pos_sensitive_0-sensitive_1,prob_pos_sensitive_0/sensitive_1,prob_pos_sensitive_1
Adult,beutel,SVM,4,0.8161531374756884,0.8327313981070104,0.8885458474837913,0.1083008245128878,1.1388036082569495,0.7802450229709035,0.4083333333333333,0.1566151202749141,0.7227798053527981,0.5649484536082474,0.09107749305341155,0.16726860189298964,0.35254062219251775,0.2583460949464012
Adult,beutel,Logistic Regression,4,0.8143105742655339,0.8268924341403842,0.8897807965421426,0.11290483942116247,1.1453318749103472,0.7768759571209801,0.4027777777777778,0.16217067583046962,0.7129460665044607,0.5649484536082474,0.08860759493670886,0.17310756585961581,0.338565005814341,0.2617151607963247
Adult,beutel,Kamishima,4,0.8243423072985976,0.7377470784613442,0.894720592775548,0.10528720839576244,1.1333706053975419,0.7894333843797856,0.24166666666666667,0.42585910652920955,0.36203346203346204,0.6675257731958762,0.04785427601111454,0.26225292153865576,0.15431527029756936,0.3101071975497703
Adult,beutel,Agarwal LR,4,0.8143105742655339,0.8268924341403842,0.8897807965421426,0.11290483942116247,1.1453318749103472,0.7768759571209801,0.4027777777777778,0.16217067583046962,0.7129460665044607,0.5649484536082474,0.08860759493670886,0.17310756585961581,0.338565005814341,0.2617151607963247
Adult,beutel,Agarwal SVM,4,0.8161531374756884,0.8327313981070104,0.8885458474837913,0.1083008245128878,1.1388036082569495,0.7802450229709035,0.4083333333333333,0.1566151202749141,0.7227798053527981,0.5649484536082474,0.09107749305341155,0.16726860189298964,0.35254062219251775,0.2583460949464012
Adult,beutel,Kamiran & Calders LR,4,0.8112396355819429,0.8532815745316815,0.8879283729546156,0.11472776039718835,1.1483803278656446,0.7732006125574272,0.4222222222222222,0.10252004581901492,0.8046278105217202,0.5247422680412371,0.09478234022846557,0.1467184254683185,0.3924722141356247,0.24150076569678408
Adult,beutel,Kamiran & Calders SVM,4,0.8161531374756884,0.8327313981070104,0.8885458474837913,0.1083008245128878,1.1388036082569495,0.7802450229709035,0.4083333333333333,0.1566151202749141,0.7227798053527981,0.5649484536082474,0.09107749305341155,0.16726860189298964,0.35254062219251775,0.2583460949464012
