dataset,transform,model,repeat,Accuracy,CV,Accuracy_sensitive_0,Accuracy_sensitive_0-sensitive_1,Accuracy_sensitive_0/sensitive_1,Accuracy_sensitive_1,TPR_sensitive_0,TPR_sensitive_0-sensitive_1,TPR_sensitive_0/sensitive_1,TPR_sensitive_1,prob_pos_sensitive_0,prob_pos_sensitive_0-sensitive_1,prob_pos_sensitive_0/sensitive_1,prob_pos_sensitive_1
Adult,no_transform,SVM,6,0.8489333333333333,0.8340944082298345,0.9224555735056543,0.10975652891966703,1.1350518739388702,0.8126990445859873,0.525,0.07604132769280836,0.8734840281537628,0.6010413276928084,0.08319870759289176,0.16590559177016556,0.3339914558103781,0.24910429936305734
Adult,no_transform,Logistic Regression,6,0.8494666666666667,0.8184878978319253,0.9208400646203554,0.10654866334647006,1.1308483218412773,0.8142914012738853,0.4928571428571429,0.1270582492678164,0.7950393700787403,0.6199153921249593,0.07754442649434572,0.18151210216807467,0.2993339982386422,0.2590565286624204
Adult,no_transform,Kamishima,6,0.8458,0.8110219572867683,0.9133683360258481,0.1008683360258481,1.1241456443395053,0.8125,0.42857142857142855,0.1890660592255125,0.6938883034773445,0.617637487796941,0.07047657512116316,0.1889780427132317,0.27163353541137225,0.2594546178343949
Adult,no_transform,Agarwal LR,6,0.8494666666666667,0.8184878978319253,0.9208400646203554,0.10654866334647006,1.1308483218412773,0.8142914012738853,0.4928571428571429,0.1270582492678164,0.7950393700787403,0.6199153921249593,0.07754442649434572,0.18151210216807467,0.2993339982386422,0.2590565286624204
Adult,no_transform,Agarwal SVM,6,0.8342,0.8581376436722472,0.9194264943457189,0.1272290421164195,1.1606026903499727,0.7921974522292994,0.4375,0.06331353726000655,0.8735786224821311,0.5008135372600065,0.066437802907916,0.1418623563277528,0.3189522425316483,0.2083001592356688
Adult,no_transform,Kamiran & Calders LR,6,0.8427333333333333,0.909812544375045,0.9123586429725363,0.10393905698527517,1.1285706813477834,0.8084195859872612,0.6589285714285714,0.1226448096322812,1.2286938713592235,0.5362837617962902,0.12358642972536349,0.09018745562495498,0.5781175260151081,0.21377388535031847
Adult,no_transform,Kamiran & Calders SVM,6,0.8285333333333333,0.9385027795499212,0.9058966074313409,0.11549055647592688,1.1461154761357484,0.790406050955414,0.6696428571428571,0.19518792710706145,1.4113940329218106,0.47445493003579564,0.13247172859450726,0.061497220450078716,0.6829532729182191,0.19396894904458598
