dataset,transform,model,repeat,Accuracy,CV,Accuracy_sensitive_0,Accuracy_sensitive_0-sensitive_1,Accuracy_sensitive_0/sensitive_1,Accuracy_sensitive_1,TPR_sensitive_0,TPR_sensitive_0-sensitive_1,TPR_sensitive_0/sensitive_1,TPR_sensitive_1,prob_pos_sensitive_0,prob_pos_sensitive_0-sensitive_1,prob_pos_sensitive_0/sensitive_1,prob_pos_sensitive_1
Adult,no_transform,SVM,4,0.8528,0.8321217514581359,0.9299516908212561,0.11535838938584941,1.1416147041506168,0.8145933014354066,0.5557692307692308,0.04857295976868237,0.9196267271602393,0.6043421905379132,0.08172302737520129,0.1678782485418641,0.32741430136901734,0.24960127591706538
Adult,no_transform,Logistic Regression,4,0.8542666666666666,0.8306915455084791,0.928743961352657,0.11135959133670803,1.1362389536938848,0.817384370015949,0.5326923076923077,0.07262201505558608,0.8800259430077416,0.6053143227478938,0.07809983896940419,0.16930845449152088,0.315671871289711,0.24740829346092505
Adult,no_transform,Kamishima,4,0.8517333333333333,0.8236560879581474,0.9231078904991948,0.1067203306905824,1.1307226321719075,0.8163875598086124,0.47692307692307695,0.1283912458248168,0.7878932630538626,0.6053143227478938,0.07206119162640902,0.17634391204185257,0.2900954552151426,0.24840510366826157
Adult,no_transform,Agarwal LR,4,0.8542666666666666,0.8306915455084791,0.928743961352657,0.11135959133670803,1.1362389536938848,0.817384370015949,0.5326923076923077,0.07262201505558608,0.8800259430077416,0.6053143227478938,0.07809983896940419,0.16930845449152088,0.315671871289711,0.24740829346092505
Adult,no_transform,Agarwal SVM,4,0.8542666666666666,0.8379947453173997,0.9319645732689211,0.11617509958471062,1.1424081865877098,0.8157894736842105,0.5115384615384615,0.06688020339997014,0.8843740573152337,0.5784186649384316,0.07045088566827697,0.16200525468260024,0.30307173457296505,0.2324561403508772
Adult,no_transform,Kamiran & Calders LR,4,0.8444666666666667,0.9173702124216998,0.9138486312399355,0.10374097573754315,1.128058258717735,0.8101076555023924,0.6884615384615385,0.15864948402213475,1.2994448365090567,0.5298120544394037,0.12560386473429952,0.08262978757830017,0.6031871570198625,0.2082336523125997
Adult,no_transform,Kamiran & Calders SVM,4,0.8444,0.9281145744246431,0.913647342995169,0.10353968749277664,1.1278097877356386,0.8101076555023924,0.676923076923077,0.16817388703325198,1.3305634492895642,0.508749189889825,0.12338969404186796,0.07188542557535692,0.6318761667320161,0.19527511961722488
