dataset,transform,model,repeat,Accuracy,CV,Accuracy_sensitive_0,Accuracy_sensitive_0-sensitive_1,Accuracy_sensitive_0/sensitive_1,Accuracy_sensitive_1,TPR_sensitive_0,TPR_sensitive_0-sensitive_1,TPR_sensitive_0/sensitive_1,TPR_sensitive_1,prob_pos_sensitive_0,prob_pos_sensitive_0-sensitive_1,prob_pos_sensitive_0/sensitive_1,prob_pos_sensitive_1
Adult,no_transform,SVM,9,0.8488666666666667,0.8293120305230435,0.9264405394360441,0.11514032174358413,1.14192073320413,0.81130021769246,0.481216457960644,0.10200976311904747,0.825094003952355,0.5832262210796915,0.06926849203105843,0.17068796947695658,0.2886710847281965,0.23995646150801503
Adult,no_transform,Logistic Regression,9,0.8478666666666667,0.8210322845916651,0.9262362076011442,0.11632130556275122,1.1436216388536546,0.809914902038393,0.4847942754919499,0.11128541602475955,0.8133044664856864,0.5960796915167095,0.07029015120555783,0.1789677154083349,0.2819977245269422,0.24925786661389274
Adult,no_transform,Kamishima,9,0.8472,0.8180791173835238,0.9203105843890478,0.10851561110584973,1.1336736672154701,0.811794973283198,0.4472271914132379,0.15238720447365156,0.7458579955401909,0.5996143958868895,0.06763383735185942,0.1819208826164762,0.27101806513794263,0.24955471996833564
Adult,no_transform,Agarwal LR,9,0.8478666666666667,0.8210322845916651,0.9262362076011442,0.11632130556275122,1.1436216388536546,0.809914902038393,0.4847942754919499,0.11128541602475955,0.8133044664856864,0.5960796915167095,0.07029015120555783,0.1789677154083349,0.2819977245269422,0.24925786661389274
Adult,no_transform,Agarwal SVM,9,0.8488666666666667,0.8293120305230435,0.9264405394360441,0.11514032174358413,1.14192073320413,0.81130021769246,0.481216457960644,0.10200976311904747,0.825094003952355,0.5832262210796915,0.06926849203105843,0.17068796947695658,0.2886710847281965,0.23995646150801503
Adult,no_transform,Kamiran & Calders LR,9,0.8422666666666667,0.9146385057256992,0.9176542705353494,0.1118953154591571,1.1388694655569498,0.8057589550761923,0.667262969588551,0.1483041006939495,1.2857723599749664,0.5189588688946015,0.12055578259092767,0.0853614942743009,0.5854573468831884,0.20591727686522857
Adult,no_transform,Kamiran & Calders SVM,9,0.8488666666666667,0.8293120305230435,0.9264405394360441,0.11514032174358413,1.14192073320413,0.81130021769246,0.481216457960644,0.10200976311904747,0.825094003952355,0.5832262210796915,0.06926849203105843,0.17068796947695658,0.2886710847281965,0.23995646150801503
