dataset,transform,model,repeat,Accuracy,CV,Accuracy_sensitive_0,Accuracy_sensitive_0-sensitive_1,Accuracy_sensitive_0/sensitive_1,Accuracy_sensitive_1,TPR_sensitive_0,TPR_sensitive_0-sensitive_1,TPR_sensitive_0/sensitive_1,TPR_sensitive_1,prob_pos_sensitive_0,prob_pos_sensitive_0-sensitive_1,prob_pos_sensitive_0/sensitive_1,prob_pos_sensitive_1
Adult,tilde,SVM,9,0.8424666666666667,0.8372827109064027,0.9119329791581529,0.10310653941938386,1.1274767173198303,0.808826439738769,0.5491949910554562,0.06584356935585489,0.8929439979961231,0.6150385604113111,0.09930527176134042,0.16271728909359723,0.3789951194939979,0.26202256085493764
Adult,tilde,Logistic Regression,9,0.8408,0.8324726837087962,0.9127503064977524,0.10679344918526468,1.1325051685041478,0.8059568573124877,0.5581395348837209,0.06204041370239732,0.8999638510663935,0.6201799485861182,0.10053126277073968,0.16752731629120374,0.3750346775788465,0.2680585790619434
Adult,tilde,Kamishima,9,0.8438666666666667,0.8158357131609678,0.9174499387004496,0.10921720567056636,1.1351308864479364,0.8082327330298832,0.5080500894454383,0.11662857379363623,0.8132982913344671,0.6246786632390745,0.08438904781364936,0.1841642868390322,0.31423571009754625,0.26855333465268155
Adult,tilde,Agarwal LR,9,0.8408666666666667,0.829315184665755,0.9131589701675521,0.10730106397321215,1.133151344856739,0.80585790619434,0.5474060822898033,0.07309520305724049,0.8821997556115316,0.6205012853470437,0.09767061708214139,0.17068481533424493,0.36395990274045753,0.2683554324163863
Adult,tilde,Agarwal SVM,9,0.8424666666666667,0.8372827109064027,0.9119329791581529,0.10310653941938386,1.1274767173198303,0.808826439738769,0.5491949910554562,0.06584356935585489,0.8929439979961231,0.6150385604113111,0.09930527176134042,0.16271728909359723,0.3789951194939979,0.26202256085493764
Adult,tilde,Kamiran & Calders LR,9,0.8402666666666667,0.8579045363931861,0.9141806293420515,0.10970803880177837,1.1363726248623336,0.8044725905402731,0.592128801431127,0.005367875981255543,1.009148318758854,0.5867609254498715,0.10686554965263588,0.14209546360681397,0.4292461227303411,0.24896101325944983
Adult,tilde,Kamiran & Calders SVM,9,0.8424666666666667,0.8372827109064027,0.9119329791581529,0.10310653941938386,1.1274767173198303,0.808826439738769,0.5491949910554562,0.06584356935585489,0.8929439979961231,0.6150385604113111,0.09930527176134042,0.16271728909359723,0.3789951194939979,0.26202256085493764
