dataset,transform,model,repeat,Accuracy,CV,Accuracy_sensitive_0,Accuracy_sensitive_0-sensitive_1,Accuracy_sensitive_0/sensitive_1,Accuracy_sensitive_1,TPR_sensitive_0,TPR_sensitive_0-sensitive_1,TPR_sensitive_0/sensitive_1,TPR_sensitive_1,prob_pos_sensitive_0,prob_pos_sensitive_0-sensitive_1,prob_pos_sensitive_0/sensitive_1,prob_pos_sensitive_1
Adult,beutel,SVM,9,0.8164602313440475,0.8282603673218747,0.878741129281086,0.09320191359481156,1.1186470538118038,0.7855392156862745,0.6314285714285715,0.046814533780825895,0.9309767641996558,0.6782431052093973,0.14964517124344337,0.17173963267812528,0.4656261572341269,0.32138480392156865
Adult,beutel,Logistic Regression,9,0.8166649605896202,0.8294858575179532,0.878741129281086,0.0928955410457919,1.1182109341027153,0.7858455882352942,0.6314285714285715,0.04528235809134684,0.9330846361185984,0.6767109295199183,0.14964517124344337,0.1705141424820468,0.467408458314449,0.32015931372549017
Adult,beutel,Kamishima,9,0.8231139318251612,0.7372608195546038,0.8975624807158284,0.11141051993151474,1.1417162654156134,0.7861519607843137,0.31142857142857144,0.3729432365387421,0.4550575692963753,0.6843718079673136,0.061709348966368406,0.2627391804453963,0.1901976534714131,0.3244485294117647
Adult,beutel,Agarwal LR,9,0.8150271266250384,0.8492945301770817,0.8938599197778463,0.11797143938568944,1.1520469015419113,0.7758884803921569,0.5314285714285715,0.03445498321902807,0.9391129448169161,0.5658835546475995,0.11292810860845418,0.15070546982291835,0.4283525235304991,0.26363357843137253
Adult,beutel,Agarwal SVM,9,0.8164602313440475,0.8282603673218747,0.878741129281086,0.09320191359481156,1.1186470538118038,0.7855392156862745,0.6314285714285715,0.046814533780825895,0.9309767641996558,0.6782431052093973,0.14964517124344337,0.17173963267812528,0.4656261572341269,0.32138480392156865
Adult,beutel,Kamiran & Calders LR,9,0.8152318558706111,0.8537478031169271,0.8929342795433508,0.11627986777864496,1.1497189303469417,0.7766544117647058,0.5342857142857143,0.028022763753100866,0.950164785260153,0.5623084780388151,0.11447084233261338,0.1462521968830729,0.4390515033767921,0.2607230392156863
Adult,beutel,Kamiran & Calders SVM,9,0.8164602313440475,0.8282603673218747,0.878741129281086,0.09320191359481156,1.1186470538118038,0.7855392156862745,0.6314285714285715,0.046814533780825895,0.9309767641996558,0.6782431052093973,0.14964517124344337,0.17173963267812528,0.4656261572341269,0.32138480392156865
