dataset,transform,model,repeat,Accuracy,CV,Accuracy_sensitive_0,Accuracy_sensitive_0-sensitive_1,Accuracy_sensitive_0/sensitive_1,Accuracy_sensitive_1,TPR_sensitive_0,TPR_sensitive_0-sensitive_1,TPR_sensitive_0/sensitive_1,TPR_sensitive_1,prob_pos_sensitive_0,prob_pos_sensitive_0-sensitive_1,prob_pos_sensitive_0/sensitive_1,prob_pos_sensitive_1
Adult,no_transform,SVM,5,0.8516666666666667,0.8385498666714918,0.9244976659224681,0.10845477899702383,1.1329032833135062,0.8160428869254442,0.5037735849056604,0.08450003072951873,0.8563593054597882,0.5882736156351791,0.07631418713212909,0.16145013332850824,0.320965681412082,0.23776432046063734
Adult,no_transform,Logistic Regression,5,0.8522,0.8307027060485652,0.9242947026588187,0.10735833811995243,1.1314157904827173,0.8169363645388663,0.5018867924528302,0.10039333784032944,0.8333112238129738,0.6022801302931596,0.07611122386847981,0.16929729395143484,0.31014092153203765,0.24540851781991463
Adult,no_transform,Kamishima,5,0.8516666666666667,0.8218605761057736,0.9206413639131317,0.10271224647046318,1.1255759750815604,0.8179291174426685,0.46226415094339623,0.14815930182533343,0.7572843881516683,0.6104234527687297,0.0712401055408971,0.1781394238942265,0.2856694200292422,0.2493795294351236
Adult,no_transform,Agarwal LR,5,0.8522,0.8307027060485652,0.9242947026588187,0.10735833811995243,1.1314157904827173,0.8169363645388663,0.5018867924528302,0.10039333784032944,0.8333112238129738,0.6022801302931596,0.07611122386847981,0.16929729395143484,0.31014092153203765,0.24540851781991463
Adult,no_transform,Agarwal SVM,5,0.8516666666666667,0.8385498666714918,0.9244976659224681,0.10845477899702383,1.1329032833135062,0.8160428869254442,0.5037735849056604,0.08450003072951873,0.8563593054597882,0.5882736156351791,0.07631418713212909,0.16145013332850824,0.320965681412082,0.23776432046063734
Adult,no_transform,Kamiran & Calders LR,5,0.8441333333333333,0.9195586043679395,0.9133346864217576,0.10304976633836638,1.1271771987657884,0.8102849200833913,0.6641509433962264,0.1433040378587671,1.275136583005888,0.5208469055374593,0.12198092145321697,0.0804413956320605,0.6026060921031166,0.20242231708527747
Adult,no_transform,Kamiran & Calders SVM,5,0.8516666666666667,0.8385498666714918,0.9244976659224681,0.10845477899702383,1.1329032833135062,0.8160428869254442,0.5037735849056604,0.08450003072951873,0.8563593054597882,0.5882736156351791,0.07631418713212909,0.16145013332850824,0.320965681412082,0.23776432046063734
