dataset,transform,model,repeat,Accuracy,CV,Accuracy_sensitive_0,Accuracy_sensitive_0-sensitive_1,Accuracy_sensitive_0/sensitive_1,Accuracy_sensitive_1,TPR_sensitive_0,TPR_sensitive_0-sensitive_1,TPR_sensitive_0/sensitive_1,TPR_sensitive_1,prob_pos_sensitive_0,prob_pos_sensitive_0-sensitive_1,prob_pos_sensitive_0/sensitive_1,prob_pos_sensitive_1
Adult,beutel,SVM,6,0.8149247620022521,0.8273030742858442,0.8775959723096287,0.09288955446711622,1.118374913668361,0.7847064178425125,0.6121883656509696,0.06521449733471552,0.9037286363873935,0.6774028629856851,0.14789175582127123,0.17269692571415585,0.4613130916318025,0.3205886815354271
Adult,beutel,Logistic Regression,6,0.8144129388883202,0.8273591703850025,0.8779106356198867,0.09411455004865321,1.1200752999168937,0.7837960855712335,0.6204986149584487,0.057926742914761964,0.9146158936388287,0.6784253578732107,0.14946507237256135,0.17264082961499744,0.46402463118584636,0.3221059019875588
Adult,beutel,Kamishima,6,0.8209642747466476,0.7408155408442143,0.8955317809943361,0.11052191906139719,1.1407904848344934,0.7850098619329389,0.3157894736842105,0.3641696265202885,0.46442421844083887,0.679959100204499,0.06261799874134676,0.2591844591557857,0.1945852096672402,0.32180245789713247
Adult,beutel,Agarwal LR,6,0.8147200327566793,0.8299384451536265,0.8779106356198867,0.09365938391301365,1.1194252271949454,0.784251251706873,0.6204986149584487,0.05434801080842244,0.9194661294384285,0.6748466257668712,0.14946507237256135,0.17006155484637359,0.4677703190919049,0.31952662721893493
Adult,beutel,Agarwal SVM,6,0.8149247620022521,0.8273030742858442,0.8775959723096287,0.09288955446711622,1.118374913668361,0.7847064178425125,0.6121883656509696,0.06521449733471552,0.9037286363873935,0.6774028629856851,0.14789175582127123,0.17269692571415585,0.4613130916318025,0.3205886815354271
Adult,beutel,Kamiran & Calders LR,6,0.8155389497389702,0.8452004034335968,0.8772813089993706,0.09151283684036593,1.1164628514413693,0.7857684721590047,0.628808864265928,0.027121606081720318,0.9586517057709705,0.6559304703476483,0.15198237885462554,0.15479959656640316,0.4954084367115909,0.3067819754210287
Adult,beutel,Kamiran & Calders SVM,6,0.8149247620022521,0.8273030742858442,0.8775959723096287,0.09288955446711622,1.118374913668361,0.7847064178425125,0.6121883656509696,0.06521449733471552,0.9037286363873935,0.6774028629856851,0.14789175582127123,0.17269692571415585,0.4613130916318025,0.3205886815354271
