dataset,transform,model,repeat,Accuracy,CV,Accuracy_sensitive_0,Accuracy_sensitive_0-sensitive_1,Accuracy_sensitive_0/sensitive_1,Accuracy_sensitive_1,TPR_sensitive_0,TPR_sensitive_0-sensitive_1,TPR_sensitive_0/sensitive_1,TPR_sensitive_1,prob_pos_sensitive_0,prob_pos_sensitive_0-sensitive_1,prob_pos_sensitive_0/sensitive_1,prob_pos_sensitive_1
Adult,no_transform,SVM,7,0.8526666666666667,0.8359094551501152,0.929264349232013,0.1143021526542175,1.1402545457129143,0.8149621965777955,0.48582230623818523,0.09092491779839218,0.8423487552102623,0.5767472240365774,0.06770412287793048,0.1640905448498849,0.2920866279695095,0.23179466772781537
Adult,no_transform,Logistic Regression,7,0.8516666666666667,0.8272208444946424,0.9282538399353274,0.11428647025765126,1.1404066975103777,0.8139673696776761,0.500945179584121,0.09539708037668893,0.8400296494450047,0.5963422599608099,0.0719482619240097,0.1727791555053576,0.2939934670163193,0.2447274174293673
Adult,no_transform,Kamishima,7,0.8482,0.8183848193114479,0.9225949878738885,0.1110152027564989,1.1367890191356125,0.8115797851173896,0.4499054820415879,0.14839628151164524,0.7519708438926541,0.5983017635532332,0.06669361358124495,0.1816151806885521,0.26859142777190476,0.24830879426979705
Adult,no_transform,Agarwal LR,7,0.8516666666666667,0.8272208444946424,0.9282538399353274,0.11428647025765126,1.1404066975103777,0.8139673696776761,0.500945179584121,0.09539708037668893,0.8400296494450047,0.5963422599608099,0.0719482619240097,0.1727791555053576,0.2939934670163193,0.2447274174293673
Adult,no_transform,Agarwal SVM,7,0.8526666666666667,0.8352829635129341,0.9284559417946645,0.11309581445682126,1.1387065796632463,0.8153601273378432,0.5330812854442344,0.06326097451657553,0.893918343937703,0.5963422599608099,0.0786176232821342,0.16471703648706595,0.32308436191006257,0.24333465976920016
Adult,no_transform,Kamiran & Calders LR,7,0.8452,0.9131339186593497,0.9191592562651576,0.11036498646810233,1.1364561923711396,0.8087942697970553,0.6862003780718336,0.1594204956420492,1.3026320878214226,0.5267798824297845,0.12065481002425223,0.08686608134065028,0.5814104268282758,0.2075208913649025
Adult,no_transform,Kamiran & Calders SVM,7,0.8485333333333334,0.910689877471425,0.9240097008892482,0.11262888115188252,1.1388113675010696,0.8113808197373656,0.6918714555765595,0.16280548562228125,1.307722467268781,0.5290659699542782,0.11701697655618432,0.08931012252857493,0.5671430319878326,0.20632709908475924
