dataset,transform,model,repeat,Accuracy,CV,Accuracy_sensitive_0,Accuracy_sensitive_0-sensitive_1,Accuracy_sensitive_0/sensitive_1,Accuracy_sensitive_1,TPR_sensitive_0,TPR_sensitive_0-sensitive_1,TPR_sensitive_0/sensitive_1,TPR_sensitive_1,prob_pos_sensitive_0,prob_pos_sensitive_0-sensitive_1,prob_pos_sensitive_0/sensitive_1,prob_pos_sensitive_1
Adult,no_transform,SVM,7,0.8509333333333333,0.8328599930321905,0.9282538399353274,0.11538077984778261,1.1419419408921687,0.8128730600875448,0.4914933837429111,0.09047918320679499,0.8445301576996598,0.5819725669497061,0.06992724333063864,0.16714000696780945,0.29496796053696167,0.23706725029844808
Adult,no_transform,Logistic Regression,7,0.8516666666666667,0.8272208444946424,0.9282538399353274,0.11428647025765126,1.1404066975103777,0.8139673696776761,0.500945179584121,0.09539708037668893,0.8400296494450047,0.5963422599608099,0.0719482619240097,0.1727791555053576,0.2939934670163193,0.2447274174293673
Adult,no_transform,Kamishima,7,0.8482,0.8183848193114479,0.9225949878738885,0.1110152027564989,1.1367890191356125,0.8115797851173896,0.4499054820415879,0.14839628151164524,0.7519708438926541,0.5983017635532332,0.06669361358124495,0.1816151806885521,0.26859142777190476,0.24830879426979705
Adult,no_transform,Agarwal LR,7,0.8516666666666667,0.8272208444946424,0.9282538399353274,0.11428647025765126,1.1404066975103777,0.8139673696776761,0.500945179584121,0.09539708037668893,0.8400296494450047,0.5963422599608099,0.0719482619240097,0.1727791555053576,0.2939934670163193,0.2447274174293673
Adult,no_transform,Agarwal SVM,7,0.8509333333333333,0.8328599930321905,0.9282538399353274,0.11538077984778261,1.1419419408921687,0.8128730600875448,0.4914933837429111,0.09047918320679499,0.8445301576996598,0.5819725669497061,0.06992724333063864,0.16714000696780945,0.29496796053696167,0.23706725029844808
Adult,no_transform,Kamiran & Calders LR,7,0.8452,0.9131339186593497,0.9191592562651576,0.11036498646810233,1.1364561923711396,0.8087942697970553,0.6862003780718336,0.1594204956420492,1.3026320878214226,0.5267798824297845,0.12065481002425223,0.08686608134065028,0.5814104268282758,0.2075208913649025
Adult,no_transform,Kamiran & Calders SVM,7,0.8509333333333333,0.8328599930321905,0.9282538399353274,0.11538077984778261,1.1419419408921687,0.8128730600875448,0.4914933837429111,0.09047918320679499,0.8445301576996598,0.5819725669497061,0.06992724333063864,0.16714000696780945,0.29496796053696167,0.23706725029844808
