dataset,transform,model,repeat,Accuracy,CV,Accuracy_sensitive_0,Accuracy_sensitive_0-sensitive_1,Accuracy_sensitive_0/sensitive_1,Accuracy_sensitive_1,TPR_sensitive_0,TPR_sensitive_0-sensitive_1,TPR_sensitive_0/sensitive_1,TPR_sensitive_1,prob_pos_sensitive_0,prob_pos_sensitive_0-sensitive_1,prob_pos_sensitive_0/sensitive_1,prob_pos_sensitive_1
Adult,no_transform,SVM,8,0.8521333333333333,0.829962025392635,0.9269617706237424,0.11190693513022298,1.1372998849365306,0.8150548354935194,0.497164461247637,0.09839698293917976,0.834782818969197,0.5955614441868168,0.07243460764587525,0.17003797460736503,0.2987331886053161,0.24247258225324028
Adult,no_transform,Logistic Regression,8,0.8523333333333334,0.82648332667992,0.9277665995975856,0.11281146500137418,1.1384265957871034,0.8149551345962114,0.5066162570888468,0.0965636037922396,0.8399091049704716,0.6031798608810864,0.07364185110663984,0.17351667332008,0.29795391956417816,0.24715852442671984
Adult,no_transform,Kamishima,8,0.8517333333333333,0.8140175048295757,0.9251509054325956,0.10979696724715193,1.1346617243199968,0.8153539381854437,0.44045368620037806,0.16504482323983394,0.7274232377674734,0.605498509440212,0.06217303822937626,0.18598249517042434,0.250540608051685,0.2481555333998006
Adult,no_transform,Agarwal LR,8,0.8523333333333334,0.82648332667992,0.9277665995975856,0.11281146500137418,1.1384265957871034,0.8149551345962114,0.5066162570888468,0.0965636037922396,0.8399091049704716,0.6031798608810864,0.07364185110663984,0.17351667332008,0.29795391956417816,0.24715852442671984
Adult,no_transform,Agarwal SVM,8,0.8531333333333333,0.8420767877454156,0.93158953722334,0.11733230890828517,1.1440973501102119,0.8142572283150549,0.4933837429111531,0.07170403449858526,0.8731099178480487,0.5650877774097384,0.06700201207243461,0.15792321225458433,0.29788571856671947,0.22492522432701895
Adult,no_transform,Kamiran & Calders LR,8,0.8476666666666667,0.909940400127585,0.917102615694165,0.10384239635219084,1.1276865557695812,0.8132602193419741,0.6691871455576559,0.1322543863658705,1.2463146159398908,0.5369327591917854,0.11891348088531187,0.09005959987241496,0.5690373154960295,0.20897308075772683
Adult,no_transform,Kamiran & Calders SVM,8,0.844,0.9329749183034398,0.9175050301810865,0.10992776198567278,1.1361204262612714,0.8075772681954138,0.6729678638941399,0.18307054690175828,1.3736916707886466,0.4898973169923816,0.1193158953722334,0.06702508169656023,0.6403094866685398,0.18634097706879363
