dataset,transform,model,repeat,Accuracy,CV,Accuracy_sensitive_0,Accuracy_sensitive_0-sensitive_1,Accuracy_sensitive_0/sensitive_1,Accuracy_sensitive_1,TPR_sensitive_0,TPR_sensitive_0-sensitive_1,TPR_sensitive_0/sensitive_1,TPR_sensitive_1,prob_pos_sensitive_0,prob_pos_sensitive_0-sensitive_1,prob_pos_sensitive_0/sensitive_1,prob_pos_sensitive_1
Adult,tilde,SVM,3,0.8366666666666667,0.8674327227307003,0.9018454674508213,0.09709822343453367,1.120656795231682,0.8047472440162876,0.5804195804195804,0.007116558353307489,0.9878874542625226,0.5875361387728879,0.11681200567836139,0.13256727726929976,0.46841102555771436,0.24937928294766115
Adult,tilde,Logistic Regression,3,0.8373333333333334,0.8594875444607628,0.9038734536605151,0.09912620964422747,1.123176824004409,0.8047472440162876,0.5891608391608392,0.011224641083298348,0.9813042762480965,0.6003854802441375,0.11681200567836139,0.14051245553923716,0.4539483153899733,0.25732446121759855
Adult,tilde,Kamishima,3,0.8374,0.8234617561458264,0.9081322247008721,0.1053712752520688,1.131261087531001,0.8027609494488033,0.5087412587412588,0.10963329956262813,0.8227072927072928,0.6183745583038869,0.09389576150882174,0.1765382438541736,0.34720397452527585,0.27043400536299533
Adult,tilde,Agarwal LR,3,0.8373333333333334,0.8594875444607628,0.9038734536605151,0.09912620964422747,1.123176824004409,0.8047472440162876,0.5891608391608392,0.011224641083298348,0.9813042762480965,0.6003854802441375,0.11681200567836139,0.14051245553923716,0.4539483153899733,0.25732446121759855
Adult,tilde,Agarwal SVM,3,0.8265333333333333,0.8803274038620439,0.900020279862097,0.10947504200332248,1.1384804268758109,0.7905452378587745,0.46503496503496505,0.03833798710123798,0.9238378086495509,0.503372952136203,0.09186777529912797,0.11967259613795615,0.4342801077403378,0.21154037143708412
Adult,tilde,Kamiran & Calders LR,3,0.8362,0.882946666178183,0.9040762522814845,0.10111667337593278,1.1259299671270584,0.8029595789055517,0.5944055944055944,0.03321060564876821,1.0591783717141474,0.5611949887568262,0.11782599878320828,0.11705333382181705,0.501644812578488,0.23487933260502533
Adult,tilde,Kamiran & Calders SVM,3,0.8255333333333333,0.9036496883731013,0.9036706550395457,0.11640280321712038,1.1478566703157795,0.7872678518224253,0.4772727272727273,0.018230003212335366,1.0397130860741777,0.4590427240603919,0.09105658081525046,0.09635031162689871,0.4858763710804223,0.18740689244214917
