dataset,transform,model,repeat,Accuracy,CV,Accuracy_sensitive_0,Accuracy_sensitive_0-sensitive_1,Accuracy_sensitive_0/sensitive_1,Accuracy_sensitive_1,TPR_sensitive_0,TPR_sensitive_0-sensitive_1,TPR_sensitive_0/sensitive_1,TPR_sensitive_1,prob_pos_sensitive_0,prob_pos_sensitive_0-sensitive_1,prob_pos_sensitive_0/sensitive_1,prob_pos_sensitive_1
Adult,tilde,SVM,5,0.8439333333333333,0.8604831573435173,0.9086665313578243,0.09639610546682853,1.1186748924917336,0.8122704258909957,0.5773584905660377,0.020687112039825428,0.9654088050314465,0.5980456026058631,0.10797645626141668,0.13951684265648268,0.43628032247142007,0.24749329891789934
Adult,tilde,Logistic Regression,5,0.8440666666666666,0.8504166388691152,0.9088694946214735,0.09649979344009751,1.118788026313345,0.812369701181376,0.569811320754717,0.041915063610103886,0.9314807000622902,0.6117263843648209,0.10614978688857317,0.14958336113088477,0.41508028079526305,0.25573314801945796
Adult,tilde,Kamishima,5,0.8467333333333333,0.8246645842161637,0.9171909884310939,0.10492056254009818,1.1291694972459556,0.8122704258909957,0.5150943396226415,0.10575256591481774,0.8296640202736146,0.6208469055374592,0.0860564237872945,0.17533541578383627,0.32922383471683153,0.26139183957113077
Adult,tilde,Agarwal LR,5,0.8440666666666666,0.8504166388691152,0.9088694946214735,0.09649979344009751,1.118788026313345,0.812369701181376,0.569811320754717,0.041915063610103886,0.9314807000622902,0.6117263843648209,0.10614978688857317,0.14958336113088477,0.41508028079526305,0.25573314801945796
Adult,tilde,Agarwal SVM,5,0.8439333333333333,0.8604831573435173,0.9086665313578243,0.09639610546682853,1.1186748924917336,0.8122704258909957,0.5773584905660377,0.020687112039825428,0.9654088050314465,0.5980456026058631,0.10797645626141668,0.13951684265648268,0.43628032247142007,0.24749329891789934
Adult,tilde,Kamiran & Calders LR,5,0.8450666666666666,0.8771922949076169,0.9100872742033692,0.09682409540857129,1.119056288214177,0.8132631787947979,0.590566037735849,0.015973203859627527,1.0277991699824582,0.5745928338762215,0.10939719910696163,0.12280770509238315,0.471123551348621,0.23220490419934478
Adult,tilde,Kamiran & Calders SVM,5,0.8439333333333333,0.8604831573435173,0.9086665313578243,0.09639610546682853,1.1186748924917336,0.8122704258909957,0.5773584905660377,0.020687112039825428,0.9654088050314465,0.5980456026058631,0.10797645626141668,0.13951684265648268,0.43628032247142007,0.24749329891789934
