dataset,transform,model,repeat,Accuracy,CV,Accuracy_sensitive_0,Accuracy_sensitive_0-sensitive_1,Accuracy_sensitive_0/sensitive_1,Accuracy_sensitive_1,TPR_sensitive_0,TPR_sensitive_0-sensitive_1,TPR_sensitive_0/sensitive_1,TPR_sensitive_1,prob_pos_sensitive_0,prob_pos_sensitive_0-sensitive_1,prob_pos_sensitive_0/sensitive_1,prob_pos_sensitive_1
Adult,beutel,SVM,7,0.8198382638959976,0.8501066136235635,0.8931087289433385,0.11005214837753285,1.1405417579123256,0.7830565805658056,0.5232558139534884,0.05041507212246099,0.9121184753381638,0.5736708860759494,0.11179173047473201,0.1498933863764365,0.427199421273594,0.2616851168511685
Adult,beutel,Logistic Regression,7,0.8201453577643566,0.8537758363801096,0.8934150076569678,0.11005092401613137,1.1404850264574913,0.7833640836408364,0.5494186046511628,0.027290256108330913,0.9526793188639565,0.5767088607594937,0.11699846860643186,0.14622416361989038,0.4444848363412575,0.26322263222632225
Adult,beutel,Kamishima,7,0.8322243832531477,0.7387021580782424,0.905666156202144,0.11030945263510827,1.1386917997175225,0.7953567035670357,0.3226744186046512,0.36441418899028555,0.4696256276670494,0.6870886075949367,0.056967840735068914,0.26129784192175765,0.17899460683134696,0.3182656826568266
Adult,beutel,Agarwal LR,7,0.820247722387143,0.8556269766373008,0.8937212863705972,0.1103572027297608,1.1408760052118476,0.7833640836408364,0.5436046511627907,0.027534589343538474,0.9517900585518719,0.5711392405063291,0.11546707503828484,0.14437302336269914,0.44437742961479565,0.259840098400984
Adult,beutel,Agarwal SVM,7,0.8244446719213839,0.8436656721084822,0.8826952526799388,0.08749230065041846,1.1100251205395053,0.7952029520295203,0.6366279069767442,0.024131586694141838,0.9634790163058007,0.660759493670886,0.1460949464012251,0.1563343278915178,0.48307144453155476,0.3024292742927429
Adult,beutel,Kamiran & Calders LR,7,0.8178933360630566,0.8940293545355056,0.8915773353751915,0.110673276334601,1.1417245499665771,0.7809040590405905,0.5755813953488372,0.05710038269060935,1.110130132630814,0.5184810126582279,0.12434915773353752,0.10597064546449445,0.5398978116815274,0.23031980319803197
Adult,beutel,Kamiran & Calders SVM,7,0.8180980653086294,0.9008409479194333,0.8952526799387442,0.11588613627330757,1.148692726439454,0.7793665436654367,0.5377906976744186,0.05222107742125398,1.1075460145015397,0.4855696202531646,0.11271056661562022,0.09915905208056673,0.5319807875674847,0.21186961869618695
