dataset,transform,model,repeat,Accuracy,CV,Accuracy_sensitive_0,Accuracy_sensitive_0-sensitive_1,Accuracy_sensitive_0/sensitive_1,Accuracy_sensitive_1,TPR_sensitive_0,TPR_sensitive_0-sensitive_1,TPR_sensitive_0/sensitive_1,TPR_sensitive_1,prob_pos_sensitive_0,prob_pos_sensitive_0-sensitive_1,prob_pos_sensitive_0/sensitive_1,prob_pos_sensitive_1
Adult,beutel,SVM,6,0.8170744190807657,0.8360692952487129,0.8785399622404028,0.09110254758405323,1.1156949693885347,0.7874374146563495,0.6121883656509696,0.05345580612817158,0.9196931207475395,0.6656441717791411,0.14694776589049716,0.1639307047512871,0.4726855661221409,0.31087847064178425
Adult,beutel,Logistic Regression,6,0.8144129388883202,0.8273591703850025,0.8779106356198867,0.09411455004865321,1.1200752999168937,0.7837960855712335,0.6204986149584487,0.057926742914761964,0.9146158936388287,0.6784253578732107,0.14946507237256135,0.17264082961499744,0.46402463118584636,0.3221059019875588
Adult,beutel,Kamishima,6,0.8209642747466476,0.7408155408442143,0.8955317809943361,0.11052191906139719,1.1407904848344934,0.7850098619329389,0.3157894736842105,0.3641696265202885,0.46442421844083887,0.679959100204499,0.06261799874134676,0.2591844591557857,0.1945852096672402,0.32180245789713247
Adult,beutel,Agarwal LR,6,0.8147200327566793,0.8299384451536265,0.8779106356198867,0.09365938391301365,1.1194252271949454,0.784251251706873,0.6204986149584487,0.05434801080842244,0.9194661294384285,0.6748466257668712,0.14946507237256135,0.17006155484637359,0.4677703190919049,0.31952662721893493
Adult,beutel,Agarwal SVM,6,0.8111372709591566,0.8821655366763935,0.8757079924480805,0.09570495800717627,1.1226981867779224,0.7800030344409042,0.5401662049861495,0.01249228172141692,0.9773960193828941,0.5526584867075665,0.13341724354940215,0.11783446332360648,0.5310102972428199,0.25125170687300863
Adult,beutel,Kamiran & Calders LR,6,0.8155389497389702,0.8452004034335968,0.8772813089993706,0.09151283684036593,1.1164628514413693,0.7857684721590047,0.628808864265928,0.027121606081720318,0.9586517057709705,0.6559304703476483,0.15198237885462554,0.15479959656640316,0.4954084367115909,0.3067819754210287
Adult,beutel,Kamiran & Calders SVM,6,0.8070426860477019,0.9011537559226739,0.8747640025173065,0.10037468374928948,1.1296178566989747,0.774389318768017,0.5013850415512465,0.0034300313262976556,1.006888235394495,0.49795501022494887,0.12555066079295155,0.09884624407732612,0.5595026404911045,0.22439690487027766
