dataset,transform,model,repeat,Accuracy,CV,Accuracy_sensitive_0,Accuracy_sensitive_0-sensitive_1,Accuracy_sensitive_0/sensitive_1,Accuracy_sensitive_1,TPR_sensitive_0,TPR_sensitive_0-sensitive_1,TPR_sensitive_0/sensitive_1,TPR_sensitive_1,prob_pos_sensitive_0,prob_pos_sensitive_0-sensitive_1,prob_pos_sensitive_0/sensitive_1,prob_pos_sensitive_1
Adult,tilde,SVM,3,0.8356666666666667,0.8614780081924681,0.9024538633137295,0.09949428440817776,1.1239094557459421,0.8029595789055517,0.583916083916084,0.010687192665991163,0.9820263475044676,0.5946032765820751,0.11701480429933077,0.13852199180753189,0.4579176309716135,0.25553679610686264
Adult,tilde,Logistic Regression,3,0.8373333333333334,0.8594875444607628,0.9038734536605151,0.09912620964422747,1.123176824004409,0.8047472440162876,0.5891608391608392,0.011224641083298348,0.9813042762480965,0.6003854802441375,0.11681200567836139,0.14051245553923716,0.4539483153899733,0.25732446121759855
Adult,tilde,Kamishima,3,0.8374,0.8234617561458264,0.9081322247008721,0.1053712752520688,1.131261087531001,0.8027609494488033,0.5087412587412588,0.10963329956262813,0.8227072927072928,0.6183745583038869,0.09389576150882174,0.1765382438541736,0.34720397452527585,0.27043400536299533
Adult,tilde,Agarwal LR,3,0.8373333333333334,0.8594875444607628,0.9038734536605151,0.09912620964422747,1.123176824004409,0.8047472440162876,0.5891608391608392,0.011224641083298348,0.9813042762480965,0.6003854802441375,0.11681200567836139,0.14051245553923716,0.4539483153899733,0.25732446121759855
Adult,tilde,Agarwal SVM,3,0.8356666666666667,0.8614780081924681,0.9024538633137295,0.09949428440817776,1.1239094557459421,0.8029595789055517,0.583916083916084,0.010687192665991163,0.9820263475044676,0.5946032765820751,0.11701480429933077,0.13852199180753189,0.4579176309716135,0.25553679610686264
Adult,tilde,Kamiran & Calders LR,3,0.8362,0.882946666178183,0.9040762522814845,0.10111667337593278,1.1259299671270584,0.8029595789055517,0.5944055944055944,0.03321060564876821,1.0591783717141474,0.5611949887568262,0.11782599878320828,0.11705333382181705,0.501644812578488,0.23487933260502533
Adult,tilde,Kamiran & Calders SVM,3,0.8356666666666667,0.8614780081924681,0.9024538633137295,0.09949428440817776,1.1239094557459421,0.8029595789055517,0.583916083916084,0.010687192665991163,0.9820263475044676,0.5946032765820751,0.11701480429933077,0.13852199180753189,0.4579176309716135,0.25553679610686264
