dataset,transform,model,repeat,Accuracy,CV,Accuracy_sensitive_0,Accuracy_sensitive_0-sensitive_1,Accuracy_sensitive_0/sensitive_1,Accuracy_sensitive_1,TPR_sensitive_0,TPR_sensitive_0-sensitive_1,TPR_sensitive_0/sensitive_1,TPR_sensitive_1,prob_pos_sensitive_0,prob_pos_sensitive_0-sensitive_1,prob_pos_sensitive_0/sensitive_1,prob_pos_sensitive_1
Adult,tilde,SVM,6,0.8416666666666667,0.825253805964006,0.9052907915993538,0.0949802820452137,1.1172146737890332,0.8103105095541401,0.5464285714285714,0.10114708753660928,0.8438065326633164,0.6475756589651807,0.10521001615508885,0.17474619403599395,0.37580883125713926,0.2799562101910828
Adult,tilde,Logistic Regression,6,0.8414666666666667,0.8232836182768591,0.9063004846526656,0.09678615344247443,1.1195607658950064,0.8095143312101911,0.5571428571428572,0.09466319557435732,0.8547678482276585,0.6518060527172145,0.10662358642972536,0.17671638172314086,0.37630972829149295,0.2833399681528662
Adult,tilde,Kamishima,6,0.8445333333333334,0.8127307180782647,0.9127625201938611,0.1018548768817592,1.1256060141025916,0.8109076433121019,0.5232142857142857,0.12501220305890004,0.8071473393574298,0.6482264887731858,0.09248788368336026,0.1872692819217353,0.33060058884752896,0.27975716560509556
Adult,tilde,Agarwal LR,6,0.8409333333333333,0.8200641766049618,0.9058966074313409,0.09697940997911159,1.1198879320214215,0.8089171974522293,0.5446428571428571,0.10748861047836,0.8351734031936127,0.6521314676212171,0.10420032310177706,0.17993582339503822,0.3667267413403348,0.2841361464968153
Adult,tilde,Agarwal SVM,6,0.8416666666666667,0.825253805964006,0.9052907915993538,0.0949802820452137,1.1172146737890332,0.8103105095541401,0.5464285714285714,0.10114708753660928,0.8438065326633164,0.6475756589651807,0.10521001615508885,0.17474619403599395,0.37580883125713926,0.2799562101910828
Adult,tilde,Kamiran & Calders LR,6,0.8417333333333333,0.8520560115966784,0.9050888529886915,0.09457929884856409,1.1166911585007824,0.8105095541401274,0.5857142857142857,0.033224861698665786,0.9463196635120925,0.6189391474129515,0.11429725363489499,0.1479439884033216,0.4358477436521536,0.2622412420382166
Adult,tilde,Kamiran & Calders SVM,6,0.8416666666666667,0.825253805964006,0.9052907915993538,0.0949802820452137,1.1172146737890332,0.8103105095541401,0.5464285714285714,0.10114708753660928,0.8438065326633164,0.6475756589651807,0.10521001615508885,0.17474619403599395,0.37580883125713926,0.2799562101910828
