dataset,transform,model,repeat,Accuracy,CV,Accuracy_sensitive_0,Accuracy_sensitive_0-sensitive_1,Accuracy_sensitive_0/sensitive_1,Accuracy_sensitive_1,TPR_sensitive_0,TPR_sensitive_0-sensitive_1,TPR_sensitive_0/sensitive_1,TPR_sensitive_1,prob_pos_sensitive_0,prob_pos_sensitive_0-sensitive_1,prob_pos_sensitive_0/sensitive_1,prob_pos_sensitive_1
Adult,tilde,SVM,4,0.8395333333333334,0.849804779295626,0.9053945249597424,0.09847666212082695,1.1220405033225616,0.8069178628389154,0.5576923076923077,0.04600179470561838,0.9237994962632644,0.6036941023979261,0.10668276972624799,0.150195220704374,0.4153052176537524,0.256877990430622
Adult,tilde,Logistic Regression,4,0.8407333333333333,0.8474239920178135,0.9066022544283414,0.09848821934062213,1.121874160160987,0.8081140350877193,0.5692307692307692,0.042240390847001374,0.930920060331825,0.6114711600777706,0.10789049919484701,0.1525760079821865,0.4142202403071968,0.2604665071770335
Adult,tilde,Kamishima,4,0.8438666666666667,0.8176891916880475,0.914049919484702,0.10493907418964621,1.129696783574046,0.8091108452950558,0.49038461538461536,0.13210404307293483,0.787780803267529,0.6224886584575502,0.08393719806763285,0.1823108083119525,0.3152594425363133,0.26624800637958534
Adult,tilde,Agarwal LR,4,0.8402666666666667,0.8430837744338888,0.9061996779388084,0.09858404795475739,1.122068028768468,0.807615629984051,0.5403846153846154,0.06817014806321353,0.8879802572294585,0.6085547634478289,0.10225442834138486,0.15691622556611112,0.394544778892605,0.259170653907496
Adult,tilde,Agarwal SVM,4,0.8404,0.8321357164320551,0.9055958132045089,0.0974817781167896,1.12062874035619,0.8081140350877193,0.49615384615384617,0.11693753427389197,0.8092657342657343,0.6130913804277381,0.09359903381642512,0.1678642835679449,0.3579815124843221,0.26146331738437
Adult,tilde,Kamiran & Calders LR,4,0.8404,0.8705827342841073,0.9055958132045089,0.0974817781167896,1.12062874035619,0.8081140350877193,0.5807692307692308,0.0013784336208186865,1.0023791085871625,0.5793907971484121,0.11131239935587761,0.1294172657158927,0.4623958552124904,0.24072966507177032
Adult,tilde,Kamiran & Calders SVM,4,0.8397333333333333,0.8940944533049796,0.9049919484702094,0.09757568052762566,1.1208492872905111,0.8074162679425837,0.6211538461538462,0.06639039832494142,1.1196733465132997,0.5547634478289047,0.12037037037037036,0.10590554669502038,0.5319627998042095,0.22627591706539074
