dataset,transform,model,repeat,Accuracy,CV,Accuracy_sensitive_0,Accuracy_sensitive_0-sensitive_1,Accuracy_sensitive_0/sensitive_1,Accuracy_sensitive_1,TPR_sensitive_0,TPR_sensitive_0-sensitive_1,TPR_sensitive_0/sensitive_1,TPR_sensitive_1,prob_pos_sensitive_0,prob_pos_sensitive_0-sensitive_1,prob_pos_sensitive_0/sensitive_1,prob_pos_sensitive_1
Adult,no_transform,SVM,0,0.8506,0.8382440422771399,0.9287720706260032,0.11707079267073162,1.1442289125941019,0.8117012779552716,0.5420560747663551,0.046025130210724186,0.9217367774701828,0.5880812049770793,0.08025682182985554,0.1617559577228601,0.3316222472969608,0.24201277955271566
Adult,no_transform,Logistic Regression,0,0.8502666666666666,0.8336485058897738,0.9293739967897271,0.11847144087918393,1.1460982457333053,0.8109025559105432,0.5420560747663551,0.05126416099002995,0.9135978213777309,0.593320235756385,0.07965489566613163,0.1663514941102262,0.3237919784870026,0.24600638977635783
Adult,no_transform,Kamishima,0,0.8488666666666667,0.8258273119349331,0.9239566613162119,0.11245506387212245,1.1385765157164343,0.8115015974440895,0.48411214953271026,0.11150016218962117,0.8127974187316641,0.5956123117223314,0.07263242375601926,0.17417268806506697,0.294290597225036,0.24680511182108625
Adult,no_transform,Agarwal LR,0,0.8502666666666666,0.8336485058897738,0.9293739967897271,0.11847144087918393,1.1460982457333053,0.8109025559105432,0.5420560747663551,0.05126416099002995,0.9135978213777309,0.593320235756385,0.07965489566613163,0.1663514941102262,0.3237919784870026,0.24600638977635783
Adult,no_transform,Agarwal SVM,0,0.8376666666666667,0.8533351453084375,0.922752808988764,0.12742533295042535,1.1602174409780894,0.7953274760383386,0.43177570093457945,0.0757554058106727,0.850737413325294,0.5075311067452521,0.06260032102728733,0.1466648546915625,0.2991435188021517,0.20926517571884984
Adult,no_transform,Kamiran & Calders LR,0,0.8423333333333334,0.9195181770162923,0.9159309791332263,0.11022011651341801,1.136798598141065,0.8057108626198083,0.680373831775701,0.1656390577089033,1.3217949632589,0.5147347740667977,0.12279293739967898,0.0804818229837076,0.6040737038286762,0.20327476038338657
Adult,no_transform,Kamiran & Calders SVM,0,0.8302,0.9467285729670408,0.9042937399678973,0.11096306904137976,1.1398698841578732,0.7933306709265175,0.6785046728971963,0.21026629699673788,1.4490582314881382,0.4682383759004584,0.13402889245585875,0.053271427032959145,0.7155828288048407,0.1873003194888179
