dataset,transform,model,repeat,Accuracy,CV,Accuracy_sensitive_0,Accuracy_sensitive_0-sensitive_1,Accuracy_sensitive_0/sensitive_1,Accuracy_sensitive_1,TPR_sensitive_0,TPR_sensitive_0-sensitive_1,TPR_sensitive_0/sensitive_1,TPR_sensitive_1,prob_pos_sensitive_0,prob_pos_sensitive_0-sensitive_1,prob_pos_sensitive_0/sensitive_1,prob_pos_sensitive_1
Adult,beutel,SVM,4,0.8133892926604566,0.8170433844412494,0.8715652979314603,0.0870323729697452,1.110935271421518,0.7845329249617151,0.4666666666666667,0.1823024054982818,0.7190892242520519,0.6489690721649485,0.12102500771843161,0.18295661555875065,0.3981326450384677,0.30398162327718226
Adult,beutel,Logistic Regression,4,0.8143105742655339,0.8268924341403842,0.8897807965421426,0.11290483942116247,1.1453318749103472,0.7768759571209801,0.4027777777777778,0.16217067583046962,0.7129460665044607,0.5649484536082474,0.08860759493670886,0.17310756585961581,0.338565005814341,0.2617151607963247
Adult,beutel,Kamishima,4,0.8243423072985976,0.7377470784613442,0.894720592775548,0.10528720839576244,1.1333706053975419,0.7894333843797856,0.24166666666666667,0.42585910652920955,0.36203346203346204,0.6675257731958762,0.04785427601111454,0.26225292153865576,0.15431527029756936,0.3101071975497703
Adult,beutel,Agarwal LR,4,0.8143105742655339,0.8268924341403842,0.8897807965421426,0.11290483942116247,1.1453318749103472,0.7768759571209801,0.4027777777777778,0.16217067583046962,0.7129460665044607,0.5649484536082474,0.08860759493670886,0.17310756585961581,0.338565005814341,0.2617151607963247
Adult,beutel,Agarwal SVM,4,0.8129798341693111,0.8709793590463092,0.8876196356900278,0.11166251470993593,1.1439029447515061,0.7759571209800918,0.38333333333333336,0.10223367697594499,0.7894550601556971,0.48556701030927835,0.08644643408459401,0.1290206409536908,0.40120484333503836,0.21546707503828483
Adult,beutel,Kamiran & Calders LR,4,0.8112396355819429,0.8532815745316815,0.8879283729546156,0.11472776039718835,1.1483803278656446,0.7732006125574272,0.4222222222222222,0.10252004581901492,0.8046278105217202,0.5247422680412371,0.09478234022846557,0.1467184254683185,0.3924722141356247,0.24150076569678408
Adult,beutel,Kamiran & Calders SVM,4,0.8102159893540792,0.8833885640502168,0.8876196356900278,0.11579727734393286,1.1500309962412463,0.7718223583460949,0.3861111111111111,0.072651775486827,0.8416354556803995,0.4587628865979381,0.08706390861376968,0.11661143594978314,0.427464152817982,0.20367534456355282
