dataset,transform,model,repeat,Accuracy,CV,Accuracy_sensitive_0,Accuracy_sensitive_0-sensitive_1,Accuracy_sensitive_0/sensitive_1,Accuracy_sensitive_1,TPR_sensitive_0,TPR_sensitive_0-sensitive_1,TPR_sensitive_0/sensitive_1,TPR_sensitive_1,prob_pos_sensitive_0,prob_pos_sensitive_0-sensitive_1,prob_pos_sensitive_0/sensitive_1,prob_pos_sensitive_1
Adult,tilde,SVM,7,0.8413333333333334,0.8428682572530681,0.9072352465642683,0.09834149407720105,1.12157529190309,0.8088937524870673,0.5311909262759924,0.07625518737521597,0.8744659227188649,0.6074461136512084,0.09943411479385611,0.1571317427469318,0.38755786037527784,0.2565658575407879
Adult,tilde,Logistic Regression,7,0.8420666666666666,0.8365945748236896,0.9072352465642683,0.09724718448706982,1.120060021918942,0.8099880620771985,0.5293005671077504,0.08957598416592694,0.8552603358754257,0.6188765512736774,0.09902991107518189,0.16340542517631035,0.3773497597148326,0.26243533625149223
Adult,tilde,Kamishima,7,0.8452,0.8220714692652371,0.9151172190784155,0.10433329548112136,1.128681998303832,0.8107839235972941,0.5066162570888468,0.11650588530174755,0.81302881509751,0.6231221423905944,0.08629749393694422,0.17792853073476292,0.32660482268605545,0.26422602467170714
Adult,tilde,Agarwal LR,7,0.8420666666666666,0.8365945748236896,0.9072352465642683,0.09724718448706982,1.120060021918942,0.8099880620771985,0.5293005671077504,0.08957598416592694,0.8552603358754257,0.6188765512736774,0.09902991107518189,0.16340542517631035,0.3773497597148326,0.26243533625149223
Adult,tilde,Agarwal SVM,7,0.8413333333333334,0.8428682572530681,0.9072352465642683,0.09834149407720105,1.12157529190309,0.8088937524870673,0.5311909262759924,0.07625518737521597,0.8744659227188649,0.6074461136512084,0.09943411479385611,0.1571317427469318,0.38755786037527784,0.2565658575407879
Adult,tilde,Kamiran & Calders LR,7,0.8403333333333334,0.8689586985187132,0.9076394502829426,0.10043690352607826,1.1244259002026298,0.8072025467568643,0.5708884688090737,0.0042258355671509484,0.9926521814272481,0.5751143043762247,0.10751818916734034,0.1310413014812868,0.45069759696001044,0.23855949064862714
Adult,tilde,Kamiran & Calders SVM,7,0.8413333333333334,0.8428682572530681,0.9072352465642683,0.09834149407720105,1.12157529190309,0.8088937524870673,0.5311909262759924,0.07625518737521597,0.8744659227188649,0.6074461136512084,0.09943411479385611,0.1571317427469318,0.38755786037527784,0.2565658575407879
