dataset,transform,model,repeat,Accuracy,CV,Accuracy_sensitive_0,Accuracy_sensitive_0-sensitive_1,Accuracy_sensitive_0/sensitive_1,Accuracy_sensitive_1,TPR_sensitive_0,TPR_sensitive_0-sensitive_1,TPR_sensitive_0/sensitive_1,TPR_sensitive_1,prob_pos_sensitive_0,prob_pos_sensitive_0-sensitive_1,prob_pos_sensitive_0/sensitive_1,prob_pos_sensitive_1
Adult,tilde,SVM,1,0.8427333333333333,0.8473091102622777,0.909145248057382,0.0998075063481344,1.123319970396228,0.8093377417092475,0.5650623885918004,0.04744179061247911,0.9225445438199099,0.6125041792042795,0.10539948196851963,0.15269088973772227,0.4083820766800444,0.2580903717062419
Adult,tilde,Logistic Regression,1,0.8442666666666667,0.8421948504310012,0.9099422195656506,0.09870086098434605,1.1216664559077136,0.8112413585813045,0.5721925133689839,0.05335078318735176,0.914712884813806,0.6255432965563357,0.1061964534767882,0.15780514956899883,0.40225685091150776,0.264001603045787
Adult,tilde,Kamishima,1,0.8474666666666667,0.8198523398881066,0.9171149631400678,0.10467132021851688,1.1288351766063653,0.8124436429215509,0.5258467023172906,0.10972668450985756,0.8273579624571362,0.6355733868271481,0.08866308029487946,0.18014766011189343,0.32983458979619523,0.2688107404067729
Adult,tilde,Agarwal LR,1,0.8442666666666667,0.8421948504310012,0.9099422195656506,0.09870086098434605,1.1216664559077136,0.8112413585813045,0.5721925133689839,0.05335078318735176,0.914712884813806,0.6255432965563357,0.1061964534767882,0.15780514956899883,0.40225685091150776,0.264001603045787
Adult,tilde,Agarwal SVM,1,0.8427333333333333,0.8473091102622777,0.909145248057382,0.0998075063481344,1.123319970396228,0.8093377417092475,0.5650623885918004,0.04744179061247911,0.9225445438199099,0.6125041792042795,0.10539948196851963,0.15269088973772227,0.4083820766800444,0.2580903717062419
Adult,tilde,Kamiran & Calders LR,1,0.8426,0.8675157036264899,0.9095437338115162,0.10060675354901749,1.1243690868432925,0.8089369802624987,0.5918003565062389,0.004371402978990413,1.007441585833899,0.5874289535272484,0.11097828252639969,0.13248429637351014,0.4558330197102861,0.24346257889990983
Adult,tilde,Kamiran & Calders SVM,1,0.8427333333333333,0.8473091102622777,0.909145248057382,0.0998075063481344,1.123319970396228,0.8093377417092475,0.5650623885918004,0.04744179061247911,0.9225445438199099,0.6125041792042795,0.10539948196851963,0.15269088973772227,0.4083820766800444,0.2580903717062419
