dataset,transform,model,repeat,Accuracy,CV,Accuracy_sensitive_0,Accuracy_sensitive_0-sensitive_1,Accuracy_sensitive_0/sensitive_1,Accuracy_sensitive_1,TPR_sensitive_0,TPR_sensitive_0-sensitive_1,TPR_sensitive_0/sensitive_1,TPR_sensitive_1,prob_pos_sensitive_0,prob_pos_sensitive_0-sensitive_1,prob_pos_sensitive_0/sensitive_1,prob_pos_sensitive_1
Adult,tilde,SVM,6,0.8404,0.826319610940185,0.9052907915993538,0.09687120561209261,1.119827880584797,0.8084195859872612,0.5375,0.10194028636511554,0.8405788804071247,0.6394402863651155,0.10319063004846526,0.173680389059815,0.3727028938630406,0.27687101910828027
Adult,tilde,Logistic Regression,6,0.8414666666666667,0.8232836182768591,0.9063004846526656,0.09678615344247443,1.1195607658950064,0.8095143312101911,0.5571428571428572,0.09466319557435732,0.8547678482276585,0.6518060527172145,0.10662358642972536,0.17671638172314086,0.37630972829149295,0.2833399681528662
Adult,tilde,Kamishima,6,0.8445333333333334,0.8127307180782647,0.9127625201938611,0.1018548768817592,1.1256060141025916,0.8109076433121019,0.5232142857142857,0.12501220305890004,0.8071473393574298,0.6482264887731858,0.09248788368336026,0.1872692819217353,0.33060058884752896,0.27975716560509556
Adult,tilde,Agarwal LR,6,0.8409333333333333,0.8200641766049618,0.9058966074313409,0.09697940997911159,1.1198879320214215,0.8089171974522293,0.5446428571428571,0.10748861047836,0.8351734031936127,0.6521314676212171,0.10420032310177706,0.17993582339503822,0.3667267413403348,0.2841361464968153
Adult,tilde,Agarwal SVM,6,0.8409333333333333,0.8351840085200086,0.9056946688206785,0.09667794907545557,1.1195005575483057,0.8090167197452229,0.5107142857142857,0.10464529775463716,0.8299444738233739,0.6153595834689228,0.0967285945072698,0.16481599147999138,0.36983596560466014,0.26154458598726116
Adult,tilde,Kamiran & Calders LR,6,0.8417333333333333,0.8520560115966784,0.9050888529886915,0.09457929884856409,1.1166911585007824,0.8105095541401274,0.5857142857142857,0.033224861698665786,0.9463196635120925,0.6189391474129515,0.11429725363489499,0.1479439884033216,0.4358477436521536,0.2622412420382166
Adult,tilde,Kamiran & Calders SVM,6,0.8398666666666667,0.8768746848728687,0.903675282714055,0.09525569672679379,1.117829526124686,0.8084195859872612,0.5910714285714286,0.011832899446794665,1.020428370786517,0.5792385291246339,0.11692245557350565,0.12312531512713128,0.4870799475964282,0.24004777070063693
